This is XeTeX, Version 3.141592653-2.6-0.999993 (TeX Live 2022/dev/Debian) (preloaded format=xelatex 2026.2.2)  1 SEP 2026 18:41
entering extended mode
 restricted \write18 enabled.
 %&-line parsing enabled.
**aula1-mulheres1000.tex
(./aula1-mulheres1000.tex
LaTeX2e <2021-11-15> patch level 1
L3 programming layer <2022-01-21> (./if-beamer.cls
Document Class: if-beamer 10/09/2018, v1.0.1
(/usr/share/texlive/texmf-dist/tex/latex/beamer/beamer.cls
Document Class: beamer 2022/01/21 v3.65 A class for typesetting presentations
(/usr/share/texlive/texmf-dist/tex/latex/beamer/beamerbasemodes.sty
(/usr/share/texlive/texmf-dist/tex/latex/etoolbox/etoolbox.sty
Package: etoolbox 2020/10/05 v2.5k e-TeX tools for LaTeX (JAW)
\etb@tempcnta=\count181
)
\beamer@tempbox=\box50
\beamer@tempcount=\count182
\c@beamerpauses=\count183

(/usr/share/texlive/texmf-dist/tex/latex/beamer/beamerbasedecode.sty
\beamer@slideinframe=\count184
\beamer@minimum=\count185
\beamer@decode@box=\box51
)
\beamer@commentbox=\box52
\beamer@modecount=\count186
)
(/usr/share/texlive/texmf-dist/tex/generic/iftex/ifpdf.sty
Package: ifpdf 2019/10/25 v3.4 ifpdf legacy package. Use iftex instead.

(/usr/share/texlive/texmf-dist/tex/generic/iftex/iftex.sty
Package: iftex 2020/03/06 v1.0d TeX engine tests
))
\headdp=\dimen138
\footheight=\dimen139
\sidebarheight=\dimen140
\beamer@tempdim=\dimen141
\beamer@finalheight=\dimen142
\beamer@animht=\dimen143
\beamer@animdp=\dimen144
\beamer@animwd=\dimen145
\beamer@leftmargin=\dimen146
\beamer@rightmargin=\dimen147
\beamer@leftsidebar=\dimen148
\beamer@rightsidebar=\dimen149
\beamer@boxsize=\dimen150
\beamer@vboxoffset=\dimen151
\beamer@descdefault=\dimen152
\beamer@descriptionwidth=\dimen153
\beamer@lastskip=\skip47
\beamer@areabox=\box53
\beamer@animcurrent=\box54
\beamer@animshowbox=\box55
\beamer@sectionbox=\box56
\beamer@logobox=\box57
\beamer@linebox=\box58
\beamer@sectioncount=\count187
\beamer@subsubsectionmax=\count188
\beamer@subsectionmax=\count189
\beamer@sectionmax=\count190
\beamer@totalheads=\count191
\beamer@headcounter=\count192
\beamer@partstartpage=\count193
\beamer@sectionstartpage=\count194
\beamer@subsectionstartpage=\count195
\beamer@animationtempa=\count196
\beamer@animationtempb=\count197
\beamer@xpos=\count198
\beamer@ypos=\count199
\beamer@ypos@offset=\count266
\beamer@showpartnumber=\count267
\beamer@currentsubsection=\count268
\beamer@coveringdepth=\count269
\beamer@sectionadjust=\count270
\beamer@toclastsection=\count271
\beamer@tocsectionnumber=\count272

(/usr/share/texlive/texmf-dist/tex/latex/beamer/beamerbaseoptions.sty
(/usr/share/texlive/texmf-dist/tex/latex/graphics/keyval.sty
Package: keyval 2014/10/28 v1.15 key=value parser (DPC)
\KV@toks@=\toks16
))
\beamer@paperwidth=\skip48
\beamer@paperheight=\skip49

(/usr/share/texlive/texmf-dist/tex/latex/geometry/geometry.sty
Package: geometry 2020/01/02 v5.9 Page Geometry

(/usr/share/texlive/texmf-dist/tex/generic/iftex/ifvtex.sty
Package: ifvtex 2019/10/25 v1.7 ifvtex legacy package. Use iftex instead.
)
\Gm@cnth=\count273
\Gm@cntv=\count274
\c@Gm@tempcnt=\count275
\Gm@bindingoffset=\dimen154
\Gm@wd@mp=\dimen155
\Gm@odd@mp=\dimen156
\Gm@even@mp=\dimen157
\Gm@layoutwidth=\dimen158
\Gm@layoutheight=\dimen159
\Gm@layouthoffset=\dimen160
\Gm@layoutvoffset=\dimen161
\Gm@dimlist=\toks17
)
(/usr/share/texlive/texmf-dist/tex/latex/pgf/basiclayer/pgfcore.sty
(/usr/share/texlive/texmf-dist/tex/latex/graphics/graphicx.sty
Package: graphicx 2021/09/16 v1.2d Enhanced LaTeX Graphics (DPC,SPQR)

(/usr/share/texlive/texmf-dist/tex/latex/graphics/graphics.sty
Package: graphics 2021/03/04 v1.4d Standard LaTeX Graphics (DPC,SPQR)

(/usr/share/texlive/texmf-dist/tex/latex/graphics/trig.sty
Package: trig 2021/08/11 v1.11 sin cos tan (DPC)
)
(/usr/share/texlive/texmf-dist/tex/latex/graphics-cfg/graphics.cfg
File: graphics.cfg 2016/06/04 v1.11 sample graphics configuration
)
Package graphics Info: Driver file: xetex.def on input line 107.

(/usr/share/texlive/texmf-dist/tex/latex/graphics-def/xetex.def
File: xetex.def 2021/03/18 v5.0k Graphics/color driver for xetex
))
\Gin@req@height=\dimen162
\Gin@req@width=\dimen163
)
(/usr/share/texlive/texmf-dist/tex/latex/pgf/systemlayer/pgfsys.sty
(/usr/share/texlive/texmf-dist/tex/latex/pgf/utilities/pgfrcs.sty
(/usr/share/texlive/texmf-dist/tex/generic/pgf/utilities/pgfutil-common.tex
\pgfutil@everybye=\toks18
\pgfutil@tempdima=\dimen164
\pgfutil@tempdimb=\dimen165

(/usr/share/texlive/texmf-dist/tex/generic/pgf/utilities/pgfutil-common-lists.t
ex)) (/usr/share/texlive/texmf-dist/tex/generic/pgf/utilities/pgfutil-latex.def
\pgfutil@abb=\box59
) (/usr/share/texlive/texmf-dist/tex/generic/pgf/utilities/pgfrcs.code.tex
(/usr/share/texlive/texmf-dist/tex/generic/pgf/pgf.revision.tex)
Package: pgfrcs 2021/05/15 v3.1.9a (3.1.9a)
))
(/usr/share/texlive/texmf-dist/tex/generic/pgf/systemlayer/pgfsys.code.tex
Package: pgfsys 2021/05/15 v3.1.9a (3.1.9a)

(/usr/share/texlive/texmf-dist/tex/generic/pgf/utilities/pgfkeys.code.tex
\pgfkeys@pathtoks=\toks19
\pgfkeys@temptoks=\toks20

(/usr/share/texlive/texmf-dist/tex/generic/pgf/utilities/pgfkeysfiltered.code.t
ex
\pgfkeys@tmptoks=\toks21
))
\pgf@x=\dimen166
\pgf@y=\dimen167
\pgf@xa=\dimen168
\pgf@ya=\dimen169
\pgf@xb=\dimen170
\pgf@yb=\dimen171
\pgf@xc=\dimen172
\pgf@yc=\dimen173
\pgf@xd=\dimen174
\pgf@yd=\dimen175
\w@pgf@writea=\write3
\r@pgf@reada=\read2
\c@pgf@counta=\count276
\c@pgf@countb=\count277
\c@pgf@countc=\count278
\c@pgf@countd=\count279
\t@pgf@toka=\toks22
\t@pgf@tokb=\toks23
\t@pgf@tokc=\toks24
\pgf@sys@id@count=\count280
 (/usr/share/texlive/texmf-dist/tex/generic/pgf/systemlayer/pgf.cfg
File: pgf.cfg 2021/05/15 v3.1.9a (3.1.9a)
)
Driver file for pgf: pgfsys-xetex.def

(/usr/share/texlive/texmf-dist/tex/generic/pgf/systemlayer/pgfsys-xetex.def
File: pgfsys-xetex.def 2021/05/15 v3.1.9a (3.1.9a)

(/usr/share/texlive/texmf-dist/tex/generic/pgf/systemlayer/pgfsys-dvipdfmx.def
File: pgfsys-dvipdfmx.def 2021/05/15 v3.1.9a (3.1.9a)

(/usr/share/texlive/texmf-dist/tex/generic/pgf/systemlayer/pgfsys-common-pdf.de
f
File: pgfsys-common-pdf.def 2021/05/15 v3.1.9a (3.1.9a)
)
\pgfsys@objnum=\count281
)))
(/usr/share/texlive/texmf-dist/tex/generic/pgf/systemlayer/pgfsyssoftpath.code.
tex
File: pgfsyssoftpath.code.tex 2021/05/15 v3.1.9a (3.1.9a)
\pgfsyssoftpath@smallbuffer@items=\count282
\pgfsyssoftpath@bigbuffer@items=\count283
)
(/usr/share/texlive/texmf-dist/tex/generic/pgf/systemlayer/pgfsysprotocol.code.
tex
File: pgfsysprotocol.code.tex 2021/05/15 v3.1.9a (3.1.9a)
)) (/usr/share/texlive/texmf-dist/tex/latex/xcolor/xcolor.sty
Package: xcolor 2021/10/31 v2.13 LaTeX color extensions (UK)

(/usr/share/texlive/texmf-dist/tex/latex/graphics-cfg/color.cfg
File: color.cfg 2016/01/02 v1.6 sample color configuration
)
Package xcolor Info: Driver file: xetex.def on input line 227.
Package xcolor Info: Model `cmy' substituted by `cmy0' on input line 1352.
Package xcolor Info: Model `RGB' extended on input line 1368.
Package xcolor Info: Model `HTML' substituted by `rgb' on input line 1370.
Package xcolor Info: Model `Hsb' substituted by `hsb' on input line 1371.
Package xcolor Info: Model `tHsb' substituted by `hsb' on input line 1372.
Package xcolor Info: Model `HSB' substituted by `hsb' on input line 1373.
Package xcolor Info: Model `Gray' substituted by `gray' on input line 1374.
Package xcolor Info: Model `wave' substituted by `hsb' on input line 1375.

(/usr/share/texlive/texmf-dist/tex/latex/xcolor/svgnam.def
File: svgnam.def 2021/10/31 v2.13 Predefined colors according to SVG 1.1 (UK)
))
(/usr/share/texlive/texmf-dist/tex/generic/pgf/basiclayer/pgfcore.code.tex
Package: pgfcore 2021/05/15 v3.1.9a (3.1.9a)

(/usr/share/texlive/texmf-dist/tex/generic/pgf/math/pgfmath.code.tex
(/usr/share/texlive/texmf-dist/tex/generic/pgf/math/pgfmathcalc.code.tex
(/usr/share/texlive/texmf-dist/tex/generic/pgf/math/pgfmathutil.code.tex)
(/usr/share/texlive/texmf-dist/tex/generic/pgf/math/pgfmathparser.code.tex
\pgfmath@dimen=\dimen176
\pgfmath@count=\count284
\pgfmath@box=\box60
\pgfmath@toks=\toks25
\pgfmath@stack@operand=\toks26
\pgfmath@stack@operation=\toks27
)
(/usr/share/texlive/texmf-dist/tex/generic/pgf/math/pgfmathfunctions.code.tex
(/usr/share/texlive/texmf-dist/tex/generic/pgf/math/pgfmathfunctions.basic.code
.tex)
(/usr/share/texlive/texmf-dist/tex/generic/pgf/math/pgfmathfunctions.trigonomet
ric.code.tex)
(/usr/share/texlive/texmf-dist/tex/generic/pgf/math/pgfmathfunctions.random.cod
e.tex)
(/usr/share/texlive/texmf-dist/tex/generic/pgf/math/pgfmathfunctions.comparison
.code.tex)
(/usr/share/texlive/texmf-dist/tex/generic/pgf/math/pgfmathfunctions.base.code.
tex)
(/usr/share/texlive/texmf-dist/tex/generic/pgf/math/pgfmathfunctions.round.code
.tex)
(/usr/share/texlive/texmf-dist/tex/generic/pgf/math/pgfmathfunctions.misc.code.
tex)
(/usr/share/texlive/texmf-dist/tex/generic/pgf/math/pgfmathfunctions.integerari
thmetics.code.tex)))
(/usr/share/texlive/texmf-dist/tex/generic/pgf/math/pgfmathfloat.code.tex
\c@pgfmathroundto@lastzeros=\count285
))
(/usr/share/texlive/texmf-dist/tex/generic/pgf/math/pgfint.code.tex)
(/usr/share/texlive/texmf-dist/tex/generic/pgf/basiclayer/pgfcorepoints.code.te
x
File: pgfcorepoints.code.tex 2021/05/15 v3.1.9a (3.1.9a)
\pgf@picminx=\dimen177
\pgf@picmaxx=\dimen178
\pgf@picminy=\dimen179
\pgf@picmaxy=\dimen180
\pgf@pathminx=\dimen181
\pgf@pathmaxx=\dimen182
\pgf@pathminy=\dimen183
\pgf@pathmaxy=\dimen184
\pgf@xx=\dimen185
\pgf@xy=\dimen186
\pgf@yx=\dimen187
\pgf@yy=\dimen188
\pgf@zx=\dimen189
\pgf@zy=\dimen190
)
(/usr/share/texlive/texmf-dist/tex/generic/pgf/basiclayer/pgfcorepathconstruct.
code.tex
File: pgfcorepathconstruct.code.tex 2021/05/15 v3.1.9a (3.1.9a)
\pgf@path@lastx=\dimen191
\pgf@path@lasty=\dimen192
)
(/usr/share/texlive/texmf-dist/tex/generic/pgf/basiclayer/pgfcorepathusage.code
.tex
File: pgfcorepathusage.code.tex 2021/05/15 v3.1.9a (3.1.9a)
\pgf@shorten@end@additional=\dimen193
\pgf@shorten@start@additional=\dimen194
)
(/usr/share/texlive/texmf-dist/tex/generic/pgf/basiclayer/pgfcorescopes.code.te
x
File: pgfcorescopes.code.tex 2021/05/15 v3.1.9a (3.1.9a)
\pgfpic=\box61
\pgf@hbox=\box62
\pgf@layerbox@main=\box63
\pgf@picture@serial@count=\count286
)
(/usr/share/texlive/texmf-dist/tex/generic/pgf/basiclayer/pgfcoregraphicstate.c
ode.tex
File: pgfcoregraphicstate.code.tex 2021/05/15 v3.1.9a (3.1.9a)
\pgflinewidth=\dimen195
)
(/usr/share/texlive/texmf-dist/tex/generic/pgf/basiclayer/pgfcoretransformation
s.code.tex
File: pgfcoretransformations.code.tex 2021/05/15 v3.1.9a (3.1.9a)
\pgf@pt@x=\dimen196
\pgf@pt@y=\dimen197
\pgf@pt@temp=\dimen198
)
(/usr/share/texlive/texmf-dist/tex/generic/pgf/basiclayer/pgfcorequick.code.tex
File: pgfcorequick.code.tex 2021/05/15 v3.1.9a (3.1.9a)
)
(/usr/share/texlive/texmf-dist/tex/generic/pgf/basiclayer/pgfcoreobjects.code.t
ex
File: pgfcoreobjects.code.tex 2021/05/15 v3.1.9a (3.1.9a)
)
(/usr/share/texlive/texmf-dist/tex/generic/pgf/basiclayer/pgfcorepathprocessing
.code.tex
File: pgfcorepathprocessing.code.tex 2021/05/15 v3.1.9a (3.1.9a)
)
(/usr/share/texlive/texmf-dist/tex/generic/pgf/basiclayer/pgfcorearrows.code.te
x
File: pgfcorearrows.code.tex 2021/05/15 v3.1.9a (3.1.9a)
\pgfarrowsep=\dimen199
)
(/usr/share/texlive/texmf-dist/tex/generic/pgf/basiclayer/pgfcoreshade.code.tex
File: pgfcoreshade.code.tex 2021/05/15 v3.1.9a (3.1.9a)
\pgf@max=\dimen256
\pgf@sys@shading@range@num=\count287
\pgf@shadingcount=\count288
)
(/usr/share/texlive/texmf-dist/tex/generic/pgf/basiclayer/pgfcoreimage.code.tex
File: pgfcoreimage.code.tex 2021/05/15 v3.1.9a (3.1.9a)

(/usr/share/texlive/texmf-dist/tex/generic/pgf/basiclayer/pgfcoreexternal.code.
tex
File: pgfcoreexternal.code.tex 2021/05/15 v3.1.9a (3.1.9a)
\pgfexternal@startupbox=\box64
))
(/usr/share/texlive/texmf-dist/tex/generic/pgf/basiclayer/pgfcorelayers.code.te
x
File: pgfcorelayers.code.tex 2021/05/15 v3.1.9a (3.1.9a)
)
(/usr/share/texlive/texmf-dist/tex/generic/pgf/basiclayer/pgfcoretransparency.c
ode.tex
File: pgfcoretransparency.code.tex 2021/05/15 v3.1.9a (3.1.9a)
)
(/usr/share/texlive/texmf-dist/tex/generic/pgf/basiclayer/pgfcorepatterns.code.
tex
File: pgfcorepatterns.code.tex 2021/05/15 v3.1.9a (3.1.9a)
)
(/usr/share/texlive/texmf-dist/tex/generic/pgf/basiclayer/pgfcorerdf.code.tex
File: pgfcorerdf.code.tex 2021/05/15 v3.1.9a (3.1.9a)
))) (/usr/share/texlive/texmf-dist/tex/latex/base/size12.clo
File: size12.clo 2021/10/04 v1.4n Standard LaTeX file (size option)
)
(/usr/share/texlive/texmf-dist/tex/latex/pgf/utilities/xxcolor.sty
Package: xxcolor 2003/10/24 ver 0.1
\XC@nummixins=\count289
\XC@countmixins=\count290
)
(/usr/share/texlive/texmf-dist/tex/latex/base/atbegshi-ltx.sty
Package: atbegshi-ltx 2021/01/10 v1.0c Emulation of the original atbegshi
package with kernel methods
)
(/usr/share/texlive/texmf-dist/tex/latex/hyperref/hyperref.sty
Package: hyperref 2021-06-07 v7.00m Hypertext links for LaTeX

(/usr/share/texlive/texmf-dist/tex/generic/ltxcmds/ltxcmds.sty
Package: ltxcmds 2020-05-10 v1.25 LaTeX kernel commands for general use (HO)
)
(/usr/share/texlive/texmf-dist/tex/generic/pdftexcmds/pdftexcmds.sty
Package: pdftexcmds 2020-06-27 v0.33 Utility functions of pdfTeX for LuaTeX (HO
)

(/usr/share/texlive/texmf-dist/tex/generic/infwarerr/infwarerr.sty
Package: infwarerr 2019/12/03 v1.5 Providing info/warning/error messages (HO)
)
Package pdftexcmds Info: \pdf@primitive is available.
Package pdftexcmds Info: \pdf@ifprimitive is available.
Package pdftexcmds Info: \pdfdraftmode not found.
)
(/usr/share/texlive/texmf-dist/tex/generic/kvsetkeys/kvsetkeys.sty
Package: kvsetkeys 2019/12/15 v1.18 Key value parser (HO)
)
(/usr/share/texlive/texmf-dist/tex/generic/kvdefinekeys/kvdefinekeys.sty
Package: kvdefinekeys 2019-12-19 v1.6 Define keys (HO)
)
(/usr/share/texlive/texmf-dist/tex/generic/pdfescape/pdfescape.sty
Package: pdfescape 2019/12/09 v1.15 Implements pdfTeX's escape features (HO)
)
(/usr/share/texlive/texmf-dist/tex/latex/hycolor/hycolor.sty
Package: hycolor 2020-01-27 v1.10 Color options for hyperref/bookmark (HO)
)
(/usr/share/texlive/texmf-dist/tex/latex/letltxmacro/letltxmacro.sty
Package: letltxmacro 2019/12/03 v1.6 Let assignment for LaTeX macros (HO)
)
(/usr/share/texlive/texmf-dist/tex/latex/auxhook/auxhook.sty
Package: auxhook 2019-12-17 v1.6 Hooks for auxiliary files (HO)
)
(/usr/share/texlive/texmf-dist/tex/latex/kvoptions/kvoptions.sty
Package: kvoptions 2020-10-07 v3.14 Key value format for package options (HO)
)
\@linkdim=\dimen257
\Hy@linkcounter=\count291
\Hy@pagecounter=\count292

(/usr/share/texlive/texmf-dist/tex/latex/hyperref/pd1enc.def
File: pd1enc.def 2021-06-07 v7.00m Hyperref: PDFDocEncoding definition (HO)
)
(/usr/share/texlive/texmf-dist/tex/latex/hyperref/hyperref-langpatches.def
File: hyperref-langpatches.def 2021-06-07 v7.00m Hyperref: patches for babel la
nguages
)
(/usr/share/texlive/texmf-dist/tex/generic/intcalc/intcalc.sty
Package: intcalc 2019/12/15 v1.3 Expandable calculations with integers (HO)
)
(/usr/share/texlive/texmf-dist/tex/generic/etexcmds/etexcmds.sty
Package: etexcmds 2019/12/15 v1.7 Avoid name clashes with e-TeX commands (HO)
)
\Hy@SavedSpaceFactor=\count293

(/usr/share/texlive/texmf-dist/tex/latex/hyperref/puenc.def
File: puenc.def 2021-06-07 v7.00m Hyperref: PDF Unicode definition (HO)
)
Package hyperref Info: Option `bookmarks' set `true' on input line 4073.
Package hyperref Info: Option `bookmarksopen' set `true' on input line 4073.
Package hyperref Info: Option `implicit' set `false' on input line 4073.
Package hyperref Info: Hyper figures OFF on input line 4192.
Package hyperref Info: Link nesting OFF on input line 4197.
Package hyperref Info: Hyper index ON on input line 4200.
Package hyperref Info: Plain pages OFF on input line 4207.
Package hyperref Info: Backreferencing OFF on input line 4212.
Package hyperref Info: Implicit mode OFF; no redefinition of LaTeX internals.
Package hyperref Info: Bookmarks ON on input line 4445.
\c@Hy@tempcnt=\count294

(/usr/share/texlive/texmf-dist/tex/latex/url/url.sty
\Urlmuskip=\muskip16
Package: url 2013/09/16  ver 3.4  Verb mode for urls, etc.
)
LaTeX Info: Redefining \url on input line 4804.
\XeTeXLinkMargin=\dimen258

(/usr/share/texlive/texmf-dist/tex/generic/bitset/bitset.sty
Package: bitset 2019/12/09 v1.3 Handle bit-vector datatype (HO)

(/usr/share/texlive/texmf-dist/tex/generic/bigintcalc/bigintcalc.sty
Package: bigintcalc 2019/12/15 v1.5 Expandable calculations on big integers (HO
)
))
\Fld@menulength=\count295
\Field@Width=\dimen259
\Fld@charsize=\dimen260
Package hyperref Info: Hyper figures OFF on input line 6076.
Package hyperref Info: Link nesting OFF on input line 6081.
Package hyperref Info: Hyper index ON on input line 6084.
Package hyperref Info: backreferencing OFF on input line 6091.
Package hyperref Info: Link coloring OFF on input line 6096.
Package hyperref Info: Link coloring with OCG OFF on input line 6101.
Package hyperref Info: PDF/A mode OFF on input line 6106.
LaTeX Info: Redefining \ref on input line 6146.
LaTeX Info: Redefining \pageref on input line 6150.
\Hy@abspage=\count296


Package hyperref Message: Stopped early.

)
Package hyperref Info: Driver (autodetected): hxetex.
 (/usr/share/texlive/texmf-dist/tex/latex/hyperref/hxetex.def
File: hxetex.def 2021-06-07 v7.00m Hyperref driver for XeTeX

(/usr/share/texlive/texmf-dist/tex/generic/stringenc/stringenc.sty
Package: stringenc 2019/11/29 v1.12 Convert strings between diff. encodings (HO
)
)
\pdfm@box=\box65
\c@Hy@AnnotLevel=\count297
\HyField@AnnotCount=\count298
\Fld@listcount=\count299
\c@bookmark@seq@number=\count300

(/usr/share/texlive/texmf-dist/tex/latex/rerunfilecheck/rerunfilecheck.sty
Package: rerunfilecheck 2019/12/05 v1.9 Rerun checks for auxiliary files (HO)

(/usr/share/texlive/texmf-dist/tex/latex/base/atveryend-ltx.sty
Package: atveryend-ltx 2020/08/19 v1.0a Emulation of the original atveryend pac
kage
with kernel methods
)
(/usr/share/texlive/texmf-dist/tex/generic/uniquecounter/uniquecounter.sty
Package: uniquecounter 2019/12/15 v1.4 Provide unlimited unique counter (HO)
)
Package uniquecounter Info: New unique counter `rerunfilecheck' on input line 2
86.
))
(/usr/share/texlive/texmf-dist/tex/latex/beamer/beamerbaserequires.sty
(/usr/share/texlive/texmf-dist/tex/latex/beamer/beamerbasecompatibility.sty)
(/usr/share/texlive/texmf-dist/tex/latex/beamer/beamerbasefont.sty
(/usr/share/texlive/texmf-dist/tex/latex/amsfonts/amssymb.sty
Package: amssymb 2013/01/14 v3.01 AMS font symbols

(/usr/share/texlive/texmf-dist/tex/latex/amsfonts/amsfonts.sty
Package: amsfonts 2013/01/14 v3.01 Basic AMSFonts support
\@emptytoks=\toks28
\symAMSa=\mathgroup4
\symAMSb=\mathgroup5
LaTeX Font Info:    Redeclaring math symbol \hbar on input line 98.
LaTeX Font Info:    Overwriting math alphabet `\mathfrak' in version `bold'
(Font)                  U/euf/m/n --> U/euf/b/n on input line 106.
))
(/usr/share/texlive/texmf-dist/tex/latex/sansmathaccent/sansmathaccent.sty
Package: sansmathaccent 2020/01/31

(/usr/share/texlive/texmf-dist/tex/latex/koma-script/scrlfile.sty
Package: scrlfile 2021/11/13 v3.35 KOMA-Script package (file load hooks)

(/usr/share/texlive/texmf-dist/tex/latex/koma-script/scrlfile-hook.sty
Package: scrlfile-hook 2021/11/13 v3.35 KOMA-Script package (using LaTeX hooks)


(/usr/share/texlive/texmf-dist/tex/latex/koma-script/scrlogo.sty
Package: scrlogo 2021/11/13 v3.35 KOMA-Script package (logo)
)))))
(/usr/share/texlive/texmf-dist/tex/latex/beamer/beamerbasetranslator.sty
(/usr/share/texlive/texmf-dist/tex/latex/translator/translator.sty
Package: translator 2021-05-31 v1.12d Easy translation of strings in LaTeX
))
(/usr/share/texlive/texmf-dist/tex/latex/beamer/beamerbasemisc.sty)
(/usr/share/texlive/texmf-dist/tex/latex/beamer/beamerbasetwoscreens.sty)
(/usr/share/texlive/texmf-dist/tex/latex/beamer/beamerbaseoverlay.sty
\beamer@argscount=\count301
\beamer@lastskipcover=\skip50
\beamer@trivlistdepth=\count302
)
(/usr/share/texlive/texmf-dist/tex/latex/beamer/beamerbasetitle.sty)
(/usr/share/texlive/texmf-dist/tex/latex/beamer/beamerbasesection.sty
\c@lecture=\count303
\c@part=\count304
\c@section=\count305
\c@subsection=\count306
\c@subsubsection=\count307
)
(/usr/share/texlive/texmf-dist/tex/latex/beamer/beamerbaseframe.sty
\beamer@framebox=\box66
\beamer@frametitlebox=\box67
\beamer@zoombox=\box68
\beamer@zoomcount=\count308
\beamer@zoomframecount=\count309
\beamer@frametextheight=\dimen261
\c@subsectionslide=\count310
\beamer@frametopskip=\skip51
\beamer@framebottomskip=\skip52
\beamer@frametopskipautobreak=\skip53
\beamer@framebottomskipautobreak=\skip54
\beamer@envbody=\toks29
\framewidth=\dimen262
\c@framenumber=\count311
)
(/usr/share/texlive/texmf-dist/tex/latex/beamer/beamerbaseverbatim.sty
\beamer@verbatimfileout=\write4
)
(/usr/share/texlive/texmf-dist/tex/latex/beamer/beamerbaseframesize.sty
\beamer@splitbox=\box69
\beamer@autobreakcount=\count312
\beamer@autobreaklastheight=\dimen263
\beamer@frametitletoks=\toks30
\beamer@framesubtitletoks=\toks31
)
(/usr/share/texlive/texmf-dist/tex/latex/beamer/beamerbaseframecomponents.sty
\beamer@footins=\box70
)
(/usr/share/texlive/texmf-dist/tex/latex/beamer/beamerbasecolor.sty)
(/usr/share/texlive/texmf-dist/tex/latex/beamer/beamerbasenotes.sty
\beamer@frameboxcopy=\box71
)
(/usr/share/texlive/texmf-dist/tex/latex/beamer/beamerbasetoc.sty)
(/usr/share/texlive/texmf-dist/tex/latex/beamer/beamerbasetemplates.sty
\beamer@sbttoks=\toks32

(/usr/share/texlive/texmf-dist/tex/latex/beamer/beamerbaseauxtemplates.sty
(/usr/share/texlive/texmf-dist/tex/latex/beamer/beamerbaseboxes.sty
\bmb@box=\box72
\bmb@colorbox=\box73
\bmb@boxwidth=\dimen264
\bmb@boxheight=\dimen265
\bmb@prevheight=\dimen266
\bmb@temp=\dimen267
\bmb@dima=\dimen268
\bmb@dimb=\dimen269
\bmb@prevheight=\dimen270
)
\beamer@blockheadheight=\dimen271
))
(/usr/share/texlive/texmf-dist/tex/latex/beamer/beamerbaselocalstructure.sty
(/usr/share/texlive/texmf-dist/tex/latex/tools/enumerate.sty
Package: enumerate 2015/07/23 v3.00 enumerate extensions (DPC)
\@enLab=\toks33
)
\beamer@bibiconwidth=\skip55
\c@figure=\count313
\c@table=\count314
\abovecaptionskip=\skip56
\belowcaptionskip=\skip57
)
(/usr/share/texlive/texmf-dist/tex/latex/beamer/beamerbasenavigation.sty
\beamer@section@min@dim=\dimen272
)
(/usr/share/texlive/texmf-dist/tex/latex/beamer/beamerbasetheorems.sty
(/usr/share/texlive/texmf-dist/tex/latex/amsmath/amsmath.sty
Package: amsmath 2021/10/15 v2.17l AMS math features
\@mathmargin=\skip58

For additional information on amsmath, use the `?' option.
(/usr/share/texlive/texmf-dist/tex/latex/amsmath/amstext.sty
Package: amstext 2021/08/26 v2.01 AMS text

(/usr/share/texlive/texmf-dist/tex/latex/amsmath/amsgen.sty
File: amsgen.sty 1999/11/30 v2.0 generic functions
\@emptytoks=\toks34
\ex@=\dimen273
))
(/usr/share/texlive/texmf-dist/tex/latex/amsmath/amsbsy.sty
Package: amsbsy 1999/11/29 v1.2d Bold Symbols
\pmbraise@=\dimen274
)
(/usr/share/texlive/texmf-dist/tex/latex/amsmath/amsopn.sty
Package: amsopn 2021/08/26 v2.02 operator names
)
\inf@bad=\count315
LaTeX Info: Redefining \frac on input line 234.
\uproot@=\count316
\leftroot@=\count317
LaTeX Info: Redefining \overline on input line 399.
\classnum@=\count318
\DOTSCASE@=\count319
LaTeX Info: Redefining \ldots on input line 496.
LaTeX Info: Redefining \dots on input line 499.
LaTeX Info: Redefining \cdots on input line 620.
\Mathstrutbox@=\box74
\strutbox@=\box75
\big@size=\dimen275
LaTeX Font Info:    Redeclaring font encoding OML on input line 743.
LaTeX Font Info:    Redeclaring font encoding OMS on input line 744.
\macc@depth=\count320
\c@MaxMatrixCols=\count321
\dotsspace@=\muskip17
\c@parentequation=\count322
\dspbrk@lvl=\count323
\tag@help=\toks35
\row@=\count324
\column@=\count325
\maxfields@=\count326
\andhelp@=\toks36
\eqnshift@=\dimen276
\alignsep@=\dimen277
\tagshift@=\dimen278
\tagwidth@=\dimen279
\totwidth@=\dimen280
\lineht@=\dimen281
\@envbody=\toks37
\multlinegap=\skip59
\multlinetaggap=\skip60
\mathdisplay@stack=\toks38
LaTeX Info: Redefining \[ on input line 2938.
LaTeX Info: Redefining \] on input line 2939.
)
(/usr/share/texlive/texmf-dist/tex/latex/amscls/amsthm.sty
Package: amsthm 2020/05/29 v2.20.6
\thm@style=\toks39
\thm@bodyfont=\toks40
\thm@headfont=\toks41
\thm@notefont=\toks42
\thm@headpunct=\toks43
\thm@preskip=\skip61
\thm@postskip=\skip62
\thm@headsep=\skip63
\dth@everypar=\toks44
)
\c@theorem=\count327
)
(/usr/share/texlive/texmf-dist/tex/latex/beamer/beamerbasethemes.sty))
(/usr/share/texlive/texmf-dist/tex/latex/beamer/beamerthemedefault.sty
(/usr/share/texlive/texmf-dist/tex/latex/beamer/beamerfontthemedefault.sty)
(/usr/share/texlive/texmf-dist/tex/latex/beamer/beamercolorthemedefault.sty)
(/usr/share/texlive/texmf-dist/tex/latex/beamer/beamerinnerthemedefault.sty
\beamer@dima=\dimen282
\beamer@dimb=\dimen283
)
(/usr/share/texlive/texmf-dist/tex/latex/beamer/beamerouterthemedefault.sty)))
(/usr/share/texlive/texmf-dist/tex/generic/babel/babel.sty
Package: babel 2022/01/26 3.70 The Babel package
\babel@savecnt=\count328
\U@D=\dimen284
\l@unhyphenated=\language87

(/usr/share/texlive/texmf-dist/tex/generic/babel/xebabel.def
(/usr/share/texlive/texmf-dist/tex/generic/babel/txtbabel.def))
\bbl@readstream=\read3
LaTeX Info: Redefining \textlatin on input line 3967.
\bbl@dirlevel=\count329

(/usr/share/texlive/texmf-dist/tex/generic/babel-portuges/brazilian.ldf
Language: portuges 2021/07/09 v1.2t Portuguese support from the babel system
Package babel Info: Hyphen rules for 'brazilian' set to \l@portuguese
(babel)             (\language75). Reported on input line 111.
Package babel Info: Making " an active character on input line 143.
))
(/usr/share/texlive/texmf-dist/tex/latex/base/inputenc.sty
Package: inputenc 2021/02/14 v1.3d Input encoding file
\inpenc@prehook=\toks45
\inpenc@posthook=\toks46


Package inputenc Warning: inputenc package ignored with utf8 based engines.

) (/usr/share/texlive/texmf-dist/tex/latex/base/fontenc.sty
Package: fontenc 2021/04/29 v2.0v Standard LaTeX package
LaTeX Font Info:    Trying to load font information for T1+lmss on input line 1
12.

(/usr/share/texmf/tex/latex/lm/t1lmss.fd
File: t1lmss.fd 2009/10/30 v1.6 Font defs for Latin Modern
))
(/usr/share/texlive/texmf-dist/tex/latex/psnfss/helvet.sty
Package: helvet 2020/03/25 PSNFSS-v9.3 (WaS) 
)
(/usr/share/texlive/texmf-dist/tex/latex/pdfpages/pdfpages.sty
Package: pdfpages 2022/01/29 v0.5u Insert pages of external PDF documents (AM)

(/usr/share/texlive/texmf-dist/tex/latex/base/ifthen.sty
Package: ifthen 2020/11/24 v1.1c Standard LaTeX ifthen package (DPC)
)
(/usr/share/texlive/texmf-dist/tex/latex/tools/calc.sty
Package: calc 2017/05/25 v4.3 Infix arithmetic (KKT,FJ)
\calc@Acount=\count330
\calc@Bcount=\count331
\calc@Adimen=\dimen285
\calc@Bdimen=\dimen286
\calc@Askip=\skip64
\calc@Bskip=\skip65
LaTeX Info: Redefining \setlength on input line 80.
LaTeX Info: Redefining \addtolength on input line 81.
\calc@Ccount=\count332
\calc@Cskip=\skip66
)
(/usr/share/texlive/texmf-dist/tex/latex/eso-pic/eso-pic.sty
Package: eso-pic 2020/10/14 v3.0a eso-pic (RN)
\ESO@tempdima=\dimen287
\ESO@tempdimb=\dimen288
)
\AM@pagewidth=\dimen289
\AM@pageheight=\dimen290
\AM@fboxrule=\dimen291

(/usr/share/texlive/texmf-dist/tex/latex/pdfpages/ppxetex.def
File: ppxetex.def 2022/01/29 v0.5u Pdfpages driver for XeTeX (AM)
)
\pdfpages@includegraphics@status=\count333
\AM@pagebox=\box76
\AM@global@opts=\toks47
\AM@pagecnt=\count334
\AM@toc@title=\toks48
\c@AM@survey=\count335
\AM@templatesizebox=\box77
)
(/usr/share/texlive/texmf-dist/tex/latex/caption/caption.sty
Package: caption 2020/10/26 v3.5g Customizing captions (AR)

(/usr/share/texlive/texmf-dist/tex/latex/caption/caption3.sty
Package: caption3 2020/10/21 v2.2e caption3 kernel (AR)
\captionmargin=\dimen292
\captionmargin@=\dimen293
\captionwidth=\dimen294
\caption@tempdima=\dimen295
\caption@indent=\dimen296
\caption@parindent=\dimen297
\caption@hangindent=\dimen298
Package caption Info: beamer document class detected.

(/usr/share/texlive/texmf-dist/tex/latex/caption/caption-beamer.sto
File: caption-beamer.sto 2020/08/22 v2.0 Adaption of the caption package to the
 beamer document classes (AR)
))
\c@caption@flags=\count336
\c@continuedfloat=\count337
Package caption Info: hyperref package is loaded.
Package caption Info: Hyperref support is turned off
(caption)             because hyperref has stopped early.
)
(/usr/share/texlive/texmf-dist/tex/latex/pgf/frontendlayer/tikz.sty
(/usr/share/texlive/texmf-dist/tex/latex/pgf/basiclayer/pgf.sty
Package: pgf 2021/05/15 v3.1.9a (3.1.9a)

(/usr/share/texlive/texmf-dist/tex/generic/pgf/modules/pgfmoduleshapes.code.tex
File: pgfmoduleshapes.code.tex 2021/05/15 v3.1.9a (3.1.9a)
\pgfnodeparttextbox=\box78
) (/usr/share/texlive/texmf-dist/tex/generic/pgf/modules/pgfmoduleplot.code.tex
File: pgfmoduleplot.code.tex 2021/05/15 v3.1.9a (3.1.9a)
)
(/usr/share/texlive/texmf-dist/tex/latex/pgf/compatibility/pgfcomp-version-0-65
.sty
Package: pgfcomp-version-0-65 2021/05/15 v3.1.9a (3.1.9a)
\pgf@nodesepstart=\dimen299
\pgf@nodesepend=\dimen300
)
(/usr/share/texlive/texmf-dist/tex/latex/pgf/compatibility/pgfcomp-version-1-18
.sty
Package: pgfcomp-version-1-18 2021/05/15 v3.1.9a (3.1.9a)
)) (/usr/share/texlive/texmf-dist/tex/latex/pgf/utilities/pgffor.sty
(/usr/share/texlive/texmf-dist/tex/latex/pgf/utilities/pgfkeys.sty
(/usr/share/texlive/texmf-dist/tex/generic/pgf/utilities/pgfkeys.code.tex))
(/usr/share/texlive/texmf-dist/tex/latex/pgf/math/pgfmath.sty
(/usr/share/texlive/texmf-dist/tex/generic/pgf/math/pgfmath.code.tex))
(/usr/share/texlive/texmf-dist/tex/generic/pgf/utilities/pgffor.code.tex
Package: pgffor 2021/05/15 v3.1.9a (3.1.9a)

(/usr/share/texlive/texmf-dist/tex/generic/pgf/math/pgfmath.code.tex)
\pgffor@iter=\dimen301
\pgffor@skip=\dimen302
\pgffor@stack=\toks49
\pgffor@toks=\toks50
))
(/usr/share/texlive/texmf-dist/tex/generic/pgf/frontendlayer/tikz/tikz.code.tex
Package: tikz 2021/05/15 v3.1.9a (3.1.9a)

(/usr/share/texlive/texmf-dist/tex/generic/pgf/libraries/pgflibraryplothandlers
.code.tex
File: pgflibraryplothandlers.code.tex 2021/05/15 v3.1.9a (3.1.9a)
\pgf@plot@mark@count=\count338
\pgfplotmarksize=\dimen303
)
\tikz@lastx=\dimen304
\tikz@lasty=\dimen305
\tikz@lastxsaved=\dimen306
\tikz@lastysaved=\dimen307
\tikz@lastmovetox=\dimen308
\tikz@lastmovetoy=\dimen309
\tikzleveldistance=\dimen310
\tikzsiblingdistance=\dimen311
\tikz@figbox=\box79
\tikz@figbox@bg=\box80
\tikz@tempbox=\box81
\tikz@tempbox@bg=\box82
\tikztreelevel=\count339
\tikznumberofchildren=\count340
\tikznumberofcurrentchild=\count341
\tikz@fig@count=\count342

(/usr/share/texlive/texmf-dist/tex/generic/pgf/modules/pgfmodulematrix.code.tex
File: pgfmodulematrix.code.tex 2021/05/15 v3.1.9a (3.1.9a)
\pgfmatrixcurrentrow=\count343
\pgfmatrixcurrentcolumn=\count344
\pgf@matrix@numberofcolumns=\count345
)
\tikz@expandcount=\count346

(/usr/share/texlive/texmf-dist/tex/generic/pgf/frontendlayer/tikz/libraries/tik
zlibrarytopaths.code.tex
File: tikzlibrarytopaths.code.tex 2021/05/15 v3.1.9a (3.1.9a)
)))
(/usr/share/texlive/texmf-dist/tex/latex/listings/listings.sty
\lst@mode=\count347
\lst@gtempboxa=\box83
\lst@token=\toks51
\lst@length=\count348
\lst@currlwidth=\dimen312
\lst@column=\count349
\lst@pos=\count350
\lst@lostspace=\dimen313
\lst@width=\dimen314
\lst@newlines=\count351
\lst@lineno=\count352
\lst@maxwidth=\dimen315

(/usr/share/texlive/texmf-dist/tex/latex/listings/lstmisc.sty
File: lstmisc.sty 2020/03/24 1.8d (Carsten Heinz)
\c@lstnumber=\count353
\lst@skipnumbers=\count354
\lst@framebox=\box84
)
(/usr/share/texlive/texmf-dist/tex/latex/listings/listings.cfg
File: listings.cfg 2020/03/24 1.8d listings configuration
))
Package: listings 2020/03/24 1.8d (Carsten Heinz)

(/usr/share/texlive/texmf-dist/tex/latex/tcolorbox/tcolorbox.sty
Package: tcolorbox 2022/01/07 version 5.0.2 text color boxes

(/usr/share/texlive/texmf-dist/tex/latex/tools/verbatim.sty
Package: verbatim 2020-07-07 v1.5u LaTeX2e package for verbatim enhancements
\every@verbatim=\toks52
\verbatim@line=\toks53
\verbatim@in@stream=\read4
)
(/usr/share/texlive/texmf-dist/tex/latex/environ/environ.sty
Package: environ 2014/05/04 v0.3 A new way to define environments

(/usr/share/texlive/texmf-dist/tex/latex/trimspaces/trimspaces.sty
Package: trimspaces 2009/09/17 v1.1 Trim spaces around a token list
))
\tcb@titlebox=\box85
\tcb@upperbox=\box86
\tcb@lowerbox=\box87
\tcb@phantombox=\box88
\c@tcbbreakpart=\count355
\c@tcblayer=\count356
\c@tcolorbox@number=\count357
\tcb@temp=\box89
\tcb@temp=\box90
\tcb@temp=\box91
\tcb@temp=\box92
)
(/usr/share/texlive/texmf-dist/tex/latex/tools/tabularx.sty
Package: tabularx 2020/01/15 v2.11c `tabularx' package (DPC)

(/usr/share/texlive/texmf-dist/tex/latex/tools/array.sty
Package: array 2021/10/04 v2.5f Tabular extension package (FMi)
\col@sep=\dimen316
\ar@mcellbox=\box93
\extrarowheight=\dimen317
\NC@list=\toks54
\extratabsurround=\skip67
\backup@length=\skip68
\ar@cellbox=\box94
)
\TX@col@width=\dimen318
\TX@old@table=\dimen319
\TX@old@col=\dimen320
\TX@target=\dimen321
\TX@delta=\dimen322
\TX@cols=\count358
\TX@ftn=\toks55
)
(/usr/share/texlive/texmf-dist/tex/latex/colortbl/colortbl.sty
Package: colortbl 2020/01/04 v1.0e Color table columns (DPC)
\everycr=\toks56
\minrowclearance=\skip69
)
(/usr/share/texlive/texmf-dist/tex/latex/tcolorbox/tcbskins.code.tex
Library (tcolorbox): 'tcbskins.code.tex' version '5.0.2'
\tcb@waterbox=\box95
(/usr/share/texlive/texmf-dist/tex/latex/tcolorbox/tcbskinsjigsaw.code.tex
Library (tcolorbox): 'tcbskinsjigsaw.code.tex' version '5.0.2'
)) (/usr/share/texlive/texmf-dist/tex/latex/ragged2e/ragged2e.sty
Package: ragged2e 2021/12/15 v3.1 ragged2e Package
\CenteringLeftskip=\skip70
\RaggedLeftLeftskip=\skip71
\RaggedRightLeftskip=\skip72
\CenteringRightskip=\skip73
\RaggedLeftRightskip=\skip74
\RaggedRightRightskip=\skip75
\CenteringParfillskip=\skip76
\RaggedLeftParfillskip=\skip77
\RaggedRightParfillskip=\skip78
\JustifyingParfillskip=\skip79
\CenteringParindent=\skip80
\RaggedLeftParindent=\skip81
\RaggedRightParindent=\skip82
\JustifyingParindent=\skip83
)
(/usr/share/texlive/texmf-dist/tex/latex/psnfss/courier.sty
Package: courier 2020/03/25 PSNFSS-v9.3 (WaS) 
)
(/usr/share/texlive/texmf-dist/tex/latex/tools/multicol.sty
Package: multicol 2021/10/28 v1.9b multicolumn formatting (FMi)
\c@tracingmulticols=\count359
\mult@box=\box96
\multicol@leftmargin=\dimen323
\c@unbalance=\count360
\c@collectmore=\count361
\doublecol@number=\count362
\multicoltolerance=\count363
\multicolpretolerance=\count364
\full@width=\dimen324
\page@free=\dimen325
\premulticols=\dimen326
\postmulticols=\dimen327
\multicolsep=\skip84
\multicolbaselineskip=\skip85
\partial@page=\box97
\last@line=\box98
\maxbalancingoverflow=\dimen328
\mult@rightbox=\box99
\mult@grightbox=\box100
\mult@firstbox=\box101
\mult@gfirstbox=\box102
\@tempa=\box103
\@tempa=\box104
\@tempa=\box105
\@tempa=\box106
\@tempa=\box107
\@tempa=\box108
\@tempa=\box109
\@tempa=\box110
\@tempa=\box111
\@tempa=\box112
\@tempa=\box113
\@tempa=\box114
\@tempa=\box115
\@tempa=\box116
\@tempa=\box117
\@tempa=\box118
\@tempa=\box119
\@tempa=\box120
\@tempa=\box121
\@tempa=\box122
\@tempa=\box123
\@tempa=\box124
\@tempa=\box125
\@tempa=\box126
\@tempa=\box127
\@tempa=\box128
\@tempa=\box129
\@tempa=\box130
\@tempa=\box131
\@tempa=\box132
\@tempa=\box133
\@tempa=\box134
\@tempa=\box135
\@tempa=\box136
\@tempa=\box137
\@tempa=\box138
\c@minrows=\count365
\c@columnbadness=\count366
\c@finalcolumnbadness=\count367
\last@try=\dimen329
\multicolovershoot=\dimen330
\multicolundershoot=\dimen331
\mult@nat@firstbox=\box139
\colbreak@box=\box140
\mc@col@check@num=\count368
)
(/usr/share/texlive/texmf-dist/tex/latex/qrcode/qrcode.sty
Package: qrcode 2015/01/08 v1.51 QR code generation

(/usr/share/texlive/texmf-dist/tex/latex/xkeyval/xkeyval.sty
Package: xkeyval 2020/11/20 v2.8 package option processing (HA)

(/usr/share/texlive/texmf-dist/tex/generic/xkeyval/xkeyval.tex
(/usr/share/texlive/texmf-dist/tex/generic/xkeyval/xkvutils.tex
\XKV@toks=\toks57
\XKV@tempa@toks=\toks58
)
\XKV@depth=\count369
File: xkeyval.tex 2014/12/03 v2.7a key=value parser (HA)
))
\c@qr@i=\count370
\c@qr@j=\count371
\qr@a=\count372
\qr@b=\count373
\qr@c=\count374
\qr@for@depth=\count375
\qr@for@maxdepth=\count376
\qr@for@start=\count377
\qr@for@end=\count378
\qr@for@step=\count379
\qr@newforcount=\count380
\qr@newforcount=\count381
\qr@desiredheight=\skip86
\qr@modulesize=\skip87
\qr@minipagewidth=\skip88
\c@maski=\count382
\c@maskj=\count383
\c@totalones=\count384
\c@penaltyi=\count385
\c@penaltyii=\count386
\c@penaltyiii=\count387
\c@penaltyiv=\count388
\c@qr@hexchars=\count389
\qr@newforcount=\count390
\c@qr@divisionsremaining=\count391
)
(/usr/share/texlive/texmf-dist/tex/latex/circuitikz/circuitikz.sty
Package: circuitikz 2021/12/06{} The CircuiTikz circuit drawing package version
 1.4.5

(/usr/share/texlive/texmf-dist/tex/generic/pgf/frontendlayer/tikz/libraries/tik
zlibrarycalc.code.tex
File: tikzlibrarycalc.code.tex 2021/05/15 v3.1.9a (3.1.9a)
)
(/usr/share/texlive/texmf-dist/tex/generic/pgf/libraries/pgflibraryarrows.meta.
code.tex
File: pgflibraryarrows.meta.code.tex 2021/05/15 v3.1.9a (3.1.9a)
\pgfarrowinset=\dimen332
\pgfarrowlength=\dimen333
\pgfarrowwidth=\dimen334
\pgfarrowlinewidth=\dimen335
)
(/usr/share/texlive/texmf-dist/tex/generic/pgf/frontendlayer/tikz/libraries/tik
zlibrarybending.code.tex
File: tikzlibrarybending.code.tex 2021/05/15 v3.1.9a (3.1.9a)

(/usr/share/texlive/texmf-dist/tex/generic/pgf/modules/pgfmodulebending.code.te
x
File: pgfmodulebending.code.tex 2021/05/15 v3.1.9a (3.1.9a)

(/usr/share/texlive/texmf-dist/tex/generic/pgf/modules/pgfmodulenonlineartransf
ormations.code.tex
File: pgfmodulenonlineartransformations.code.tex 2021/05/15 v3.1.9a (3.1.9a)
\pgftransformnonlinearflatness=\dimen336
)
(/usr/share/texlive/texmf-dist/tex/generic/pgf/libraries/pgflibrarycurvilinear.
code.tex
File: pgflibrarycurvilinear.code.tex 2021/05/15 v3.1.9a (3.1.9a)
\pgf@curvilinear@time@a=\dimen337
\pgf@curvilinear@length@a=\dimen338
\pgf@curvilinear@length@b=\dimen339
\pgf@curvilinear@length@c=\dimen340
\pgf@curvilinear@length@d=\dimen341
)
\pgf@arrows@the@rigidity=\dimen342
))
(/usr/share/texlive/texmf-dist/tex/generic/pgf/frontendlayer/tikz/libraries/tik
zlibraryfpu.code.tex
(/usr/share/texlive/texmf-dist/tex/generic/pgf/libraries/pgflibraryfpu.code.tex
)) (/usr/share/texlive/texmf-dist/tex/generic/circuitikz/pgfcirc.defines.tex
\pgf@circ@count@a=\count392
\pgf@circ@count@b=\count393
\pgf@circ@count@c=\count394
\pgf@circ@res@up=\dimen343
\pgf@circ@res@down=\dimen344
\pgf@circ@res@zero=\dimen345
\pgf@circ@res@left=\dimen346
\pgf@circ@res@right=\dimen347
\pgf@circ@res@other=\dimen348
\pgf@circ@res@step=\dimen349
\pgf@circ@res@temp=\dimen350
\pgf@circ@Rlen=\dimen351
\pgf@circ@scaled@Rlen=\dimen352
\pgfstartlinewidth=\dimen353
)
(/usr/share/texlive/texmf-dist/tex/generic/circuitikz/pgfcircutils.tex
\ctikz@scratchbox=\box141
)
(/usr/share/texlive/texmf-dist/tex/generic/circuitikz/pgfcircpath.tex)
(/usr/share/texlive/texmf-dist/tex/generic/circuitikz/pgfcircshapes.tex)
(/usr/share/texlive/texmf-dist/tex/generic/circuitikz/pgfcircmonopoles.tex)
(/usr/share/texlive/texmf-dist/tex/generic/circuitikz/pgfcircbipoles.tex)
(/usr/share/texlive/texmf-dist/tex/generic/circuitikz/pgfcirctripoles.tex
\pgf@circ@res@count=\count395
)
(/usr/share/texlive/texmf-dist/tex/generic/circuitikz/pgfcircquadpoles.tex)
(/usr/share/texlive/texmf-dist/tex/generic/circuitikz/pgfcircmultipoles.tex)
(/usr/share/texlive/texmf-dist/tex/generic/circuitikz/pgfcirclabel.tex)
(/usr/share/texlive/texmf-dist/tex/generic/circuitikz/pgfcircvoltage.tex
\pgfcirc@labelshift=\dimen354
)
(/usr/share/texlive/texmf-dist/tex/generic/circuitikz/pgfcirccurrent.tex)
(/usr/share/texlive/texmf-dist/tex/generic/circuitikz/pgfcircflow.tex))
(/usr/share/texlive/texmf-dist/tex/latex/booktabs/booktabs.sty
Package: booktabs 2020/01/12 v1.61803398 Publication quality tables
\heavyrulewidth=\dimen355
\lightrulewidth=\dimen356
\cmidrulewidth=\dimen357
\belowrulesep=\dimen358
\belowbottomsep=\dimen359
\aboverulesep=\dimen360
\abovetopsep=\dimen361
\cmidrulesep=\dimen362
\cmidrulekern=\dimen363
\defaultaddspace=\dimen364
\@cmidla=\count396
\@cmidlb=\count397
\@aboverulesep=\dimen365
\@belowrulesep=\dimen366
\@thisruleclass=\count398
\@lastruleclass=\count399
\@thisrulewidth=\dimen367
)
(/usr/share/texlive/texmf-dist/tex/latex/fira/FiraSans.sty
Package: FiraSans 2019/10/10 (Bob Tennent and autoinst) Style file for Fira San
s fonts.

(/usr/share/texlive/texmf-dist/tex/generic/iftex/ifxetex.sty
Package: ifxetex 2019/10/25 v0.7 ifxetex legacy package. Use iftex instead.
)
(/usr/share/texlive/texmf-dist/tex/generic/iftex/ifluatex.sty
Package: ifluatex 2019/10/25 v1.5 ifluatex legacy package. Use iftex instead.
)
(/usr/share/texlive/texmf-dist/tex/latex/base/textcomp.sty
Package: textcomp 2020/02/02 v2.0n Standard LaTeX package
)
(/usr/share/texlive/texmf-dist/tex/latex/fontspec/fontspec.sty
(/usr/share/texlive/texmf-dist/tex/latex/l3packages/xparse/xparse.sty
(/usr/share/texlive/texmf-dist/tex/latex/l3kernel/expl3.sty
Package: expl3 2022-01-21 L3 programming layer (loader) 

(/usr/share/texlive/texmf-dist/tex/latex/l3backend/l3backend-xetex.def
File: l3backend-xetex.def 2022-01-12 L3 backend support: XeTeX

(|extractbb --version)
\c__kernel_sys_dvipdfmx_version_int=\count400
\l__color_backend_stack_int=\count401
\g__color_backend_stack_int=\count402
\g__graphics_track_int=\count403
\l__pdf_internal_box=\box142
\g__pdf_backend_object_int=\count404
\g__pdf_backend_annotation_int=\count405
\g__pdf_backend_link_int=\count406
))
Package: xparse 2022-01-12 L3 Experimental document command parser
)
Package: fontspec 2022/01/15 v2.8a Font selection for XeLaTeX and LuaLaTeX

(/usr/share/texlive/texmf-dist/tex/latex/fontspec/fontspec-xetex.sty
Package: fontspec-xetex 2022/01/15 v2.8a Font selection for XeLaTeX and LuaLaTe
X
\l__fontspec_script_int=\count407
\l__fontspec_language_int=\count408
\l__fontspec_strnum_int=\count409
\l__fontspec_tmp_int=\count410
\l__fontspec_tmpa_int=\count411
\l__fontspec_tmpb_int=\count412
\l__fontspec_tmpc_int=\count413
\l__fontspec_em_int=\count414
\l__fontspec_emdef_int=\count415
\l__fontspec_strong_int=\count416
\l__fontspec_strongdef_int=\count417
\l__fontspec_tmpa_dim=\dimen368
\l__fontspec_tmpb_dim=\dimen369
\l__fontspec_tmpc_dim=\dimen370

(/usr/share/texlive/texmf-dist/tex/latex/base/fontenc.sty
Package: fontenc 2021/04/29 v2.0v Standard LaTeX package
)
(/usr/share/texlive/texmf-dist/tex/latex/fontspec/fontspec.cfg)))
Requested font "[FiraSans-Regular.otf]/OT" at 11.99997pt
 -> /usr/share/texlive/texmf-dist/fonts/opentype/public/fira/FiraSans-Regular.o
tf
Requested font "[FiraSans-Regular.otf]/OT" at 12.00003pt
 -> /usr/share/texlive/texmf-dist/fonts/opentype/public/fira/FiraSans-Regular.o
tf
Requested font "[FiraSans-Regular.otf]/OT:script=latn;language=dflt;" at 12.000
03pt
 -> /usr/share/texlive/texmf-dist/fonts/opentype/public/fira/FiraSans-Regular.o
tf
Requested font "[FiraSans-Bold.otf]/OT:script=latn;language=dflt;" at 12.00003p
t
 -> /usr/share/texlive/texmf-dist/fonts/opentype/public/fira/FiraSans-Bold.otf
Requested font "[FiraSans-Italic.otf]/OT:script=latn;language=dflt;" at 12.0000
3pt
 -> /usr/share/texlive/texmf-dist/fonts/opentype/public/fira/FiraSans-Italic.ot
f
Requested font "[FiraSans-BoldItalic.otf]/OT:script=latn;language=dflt;" at 12.
00003pt
 -> /usr/share/texlive/texmf-dist/fonts/opentype/public/fira/FiraSans-BoldItali
c.otf

Package fontspec Info: Font family 'FiraSans(0)' created for font 'FiraSans'
(fontspec)             with options [Ligatures = TeX,Scale = 1,Extension =
(fontspec)             .otf,Ligatures=TeX,Numbers =
(fontspec)             {Proportional,OldStyle},UprightFont =
(fontspec)             *-Regular,ItalicFont = *-Italic,BoldFont =
(fontspec)             *-Bold,BoldItalicFont = *-BoldItalic].
(fontspec)              
(fontspec)              This font family consists of the following NFSS
(fontspec)             series/shapes:
(fontspec)              
(fontspec)             - 'normal' (m/n) with NFSS spec.:
(fontspec)             <->s*[1]"[FiraSans-Regular.otf]/OT:script=latn;language=
dflt;+pnum;+onum;mapping=tex-text;"
(fontspec)             - 'small caps'  (m/sc) with NFSS spec.:
(fontspec)             <->s*[1]"[FiraSans-Regular.otf]/OT:script=latn;language=
dflt;+pnum;+onum;+smcp;mapping=tex-text;"
(fontspec)             - 'bold' (b/n) with NFSS spec.:
(fontspec)             <->s*[1]"[FiraSans-Bold.otf]/OT:script=latn;language=dfl
t;+pnum;+onum;mapping=tex-text;"
(fontspec)             - 'bold small caps'  (b/sc) with NFSS spec.:
(fontspec)             <->s*[1]"[FiraSans-Bold.otf]/OT:script=latn;language=dfl
t;+pnum;+onum;+smcp;mapping=tex-text;"
(fontspec)             - 'italic' (m/it) with NFSS spec.:
(fontspec)             <->s*[1]"[FiraSans-Italic.otf]/OT:script=latn;language=d
flt;+pnum;+onum;mapping=tex-text;"
(fontspec)             - 'italic small caps'  (m/scit) with NFSS spec.:
(fontspec)             <->s*[1]"[FiraSans-Italic.otf]/OT:script=latn;language=d
flt;+pnum;+onum;+smcp;mapping=tex-text;"
(fontspec)             - 'bold italic' (b/it) with NFSS spec.:
(fontspec)             <->s*[1]"[FiraSans-BoldItalic.otf]/OT:script=latn;langua
ge=dflt;+pnum;+onum;mapping=tex-text;"
(fontspec)             - 'bold italic small caps'  (b/scit) with NFSS spec.:
(fontspec)             <->s*[1]"[FiraSans-BoldItalic.otf]/OT:script=latn;langua
ge=dflt;+pnum;+onum;+smcp;mapping=tex-text;"

LaTeX Font Info:    Font shape `TU/FiraSans(0)/m/n' will be
(Font)              scaled to size 12.0pt on input line 139.
Requested font "[FiraSans-Regular.otf]/OT:script=latn;language=dflt;+pnum;+onum
;mapping=tex-text;" at 12.0pt
 -> /usr/share/texlive/texmf-dist/fonts/opentype/public/fira/FiraSans-Regular.o
tf

Package fontspec Info: Font family 'FiraSans(1)' created for font 'FiraSans'
(fontspec)             with options [Ligatures = TeX,Scale = 1,Extension =
(fontspec)             .otf,Numbers = {Proportional,OldStyle},UprightFont =
(fontspec)             *-Regular,ItalicFont = *-Italic,BoldFont =
(fontspec)             *-Bold,BoldItalicFont = *-BoldItalic].
(fontspec)              
(fontspec)              This font family consists of the following NFSS
(fontspec)             series/shapes:
(fontspec)              
(fontspec)             - 'normal' (m/n) with NFSS spec.:
(fontspec)             <->s*[1]"[FiraSans-Regular.otf]/OT:script=latn;language=
dflt;+pnum;+onum;mapping=tex-text;"
(fontspec)             - 'small caps'  (m/sc) with NFSS spec.:
(fontspec)             <->s*[1]"[FiraSans-Regular.otf]/OT:script=latn;language=
dflt;+pnum;+onum;+smcp;mapping=tex-text;"
(fontspec)             - 'bold' (b/n) with NFSS spec.:
(fontspec)             <->s*[1]"[FiraSans-Bold.otf]/OT:script=latn;language=dfl
t;+pnum;+onum;mapping=tex-text;"
(fontspec)             - 'bold small caps'  (b/sc) with NFSS spec.:
(fontspec)             <->s*[1]"[FiraSans-Bold.otf]/OT:script=latn;language=dfl
t;+pnum;+onum;+smcp;mapping=tex-text;"
(fontspec)             - 'italic' (m/it) with NFSS spec.:
(fontspec)             <->s*[1]"[FiraSans-Italic.otf]/OT:script=latn;language=d
flt;+pnum;+onum;mapping=tex-text;"
(fontspec)             - 'italic small caps'  (m/scit) with NFSS spec.:
(fontspec)             <->s*[1]"[FiraSans-Italic.otf]/OT:script=latn;language=d
flt;+pnum;+onum;+smcp;mapping=tex-text;"
(fontspec)             - 'bold italic' (b/it) with NFSS spec.:
(fontspec)             <->s*[1]"[FiraSans-BoldItalic.otf]/OT:script=latn;langua
ge=dflt;+pnum;+onum;mapping=tex-text;"
(fontspec)             - 'bold italic small caps'  (b/scit) with NFSS spec.:
(fontspec)             <->s*[1]"[FiraSans-BoldItalic.otf]/OT:script=latn;langua
ge=dflt;+pnum;+onum;+smcp;mapping=tex-text;"


Package fontspec Info: Font family 'FiraSans(2)' created for font 'FiraSans'
(fontspec)             with options [Ligatures = TeX,Scale = 1,Extension =
(fontspec)             .otf,Numbers = {Proportional,Lining},UprightFont =
(fontspec)             *-Regular,ItalicFont = *-Italic,BoldFont =
(fontspec)             *-Bold,BoldItalicFont = *-BoldItalic].
(fontspec)              
(fontspec)              This font family consists of the following NFSS
(fontspec)             series/shapes:
(fontspec)              
(fontspec)             - 'normal' (m/n) with NFSS spec.:
(fontspec)             <->s*[1]"[FiraSans-Regular.otf]/OT:script=latn;language=
dflt;+pnum;+lnum;mapping=tex-text;"
(fontspec)             - 'small caps'  (m/sc) with NFSS spec.:
(fontspec)             <->s*[1]"[FiraSans-Regular.otf]/OT:script=latn;language=
dflt;+pnum;+lnum;+smcp;mapping=tex-text;"
(fontspec)             - 'bold' (b/n) with NFSS spec.:
(fontspec)             <->s*[1]"[FiraSans-Bold.otf]/OT:script=latn;language=dfl
t;+pnum;+lnum;mapping=tex-text;"
(fontspec)             - 'bold small caps'  (b/sc) with NFSS spec.:
(fontspec)             <->s*[1]"[FiraSans-Bold.otf]/OT:script=latn;language=dfl
t;+pnum;+lnum;+smcp;mapping=tex-text;"
(fontspec)             - 'italic' (m/it) with NFSS spec.:
(fontspec)             <->s*[1]"[FiraSans-Italic.otf]/OT:script=latn;language=d
flt;+pnum;+lnum;mapping=tex-text;"
(fontspec)             - 'italic small caps'  (m/scit) with NFSS spec.:
(fontspec)             <->s*[1]"[FiraSans-Italic.otf]/OT:script=latn;language=d
flt;+pnum;+lnum;+smcp;mapping=tex-text;"
(fontspec)             - 'bold italic' (b/it) with NFSS spec.:
(fontspec)             <->s*[1]"[FiraSans-BoldItalic.otf]/OT:script=latn;langua
ge=dflt;+pnum;+lnum;mapping=tex-text;"
(fontspec)             - 'bold italic small caps'  (b/scit) with NFSS spec.:
(fontspec)             <->s*[1]"[FiraSans-BoldItalic.otf]/OT:script=latn;langua
ge=dflt;+pnum;+lnum;+smcp;mapping=tex-text;"


Package fontspec Info: Font family 'FiraSans(3)' created for font 'FiraSans'
(fontspec)             with options [Ligatures = TeX,Scale = 1,Extension =
(fontspec)             .otf,Numbers = {Monospaced,OldStyle},UprightFont =
(fontspec)             *-Regular,ItalicFont = *-Italic,BoldFont =
(fontspec)             *-Bold,BoldItalicFont = *-BoldItalic].
(fontspec)              
(fontspec)              This font family consists of the following NFSS
(fontspec)             series/shapes:
(fontspec)              
(fontspec)             - 'normal' (m/n) with NFSS spec.:
(fontspec)             <->s*[1]"[FiraSans-Regular.otf]/OT:script=latn;language=
dflt;+tnum;+onum;mapping=tex-text;"
(fontspec)             - 'small caps'  (m/sc) with NFSS spec.:
(fontspec)             <->s*[1]"[FiraSans-Regular.otf]/OT:script=latn;language=
dflt;+tnum;+onum;+smcp;mapping=tex-text;"
(fontspec)             - 'bold' (b/n) with NFSS spec.:
(fontspec)             <->s*[1]"[FiraSans-Bold.otf]/OT:script=latn;language=dfl
t;+tnum;+onum;mapping=tex-text;"
(fontspec)             - 'bold small caps'  (b/sc) with NFSS spec.:
(fontspec)             <->s*[1]"[FiraSans-Bold.otf]/OT:script=latn;language=dfl
t;+tnum;+onum;+smcp;mapping=tex-text;"
(fontspec)             - 'italic' (m/it) with NFSS spec.:
(fontspec)             <->s*[1]"[FiraSans-Italic.otf]/OT:script=latn;language=d
flt;+tnum;+onum;mapping=tex-text;"
(fontspec)             - 'italic small caps'  (m/scit) with NFSS spec.:
(fontspec)             <->s*[1]"[FiraSans-Italic.otf]/OT:script=latn;language=d
flt;+tnum;+onum;+smcp;mapping=tex-text;"
(fontspec)             - 'bold italic' (b/it) with NFSS spec.:
(fontspec)             <->s*[1]"[FiraSans-BoldItalic.otf]/OT:script=latn;langua
ge=dflt;+tnum;+onum;mapping=tex-text;"
(fontspec)             - 'bold italic small caps'  (b/scit) with NFSS spec.:
(fontspec)             <->s*[1]"[FiraSans-BoldItalic.otf]/OT:script=latn;langua
ge=dflt;+tnum;+onum;+smcp;mapping=tex-text;"

Requested font "[FiraSans-Thin.otf]/OT" at 11.99997pt
 -> /usr/share/texlive/texmf-dist/fonts/opentype/public/fira/FiraSans-Thin.otf
Requested font "[FiraSans-Thin.otf]/OT" at 12.00003pt
 -> /usr/share/texlive/texmf-dist/fonts/opentype/public/fira/FiraSans-Thin.otf
Requested font "[FiraSans-Thin.otf]/OT:script=latn;language=dflt;" at 12.00003p
t
 -> /usr/share/texlive/texmf-dist/fonts/opentype/public/fira/FiraSans-Thin.otf
Requested font "[FiraSans-ThinItalic.otf]/OT:script=latn;language=dflt;" at 12.
00003pt
 -> /usr/share/texlive/texmf-dist/fonts/opentype/public/fira/FiraSans-ThinItali
c.otf

Package fontspec Info: Font family 'FiraSans(4)' created for font 'FiraSans'
(fontspec)             with options [Ligatures = TeX,Scale = 1,Extension =
(fontspec)             .otf,Numbers = {Proportional,OldStyle},UprightFont =
(fontspec)             *-Thin,ItalicFont = *-ThinItalic,BoldFont =
(fontspec)             *-Bold,BoldItalicFont = *-BoldItalic].
(fontspec)              
(fontspec)              This font family consists of the following NFSS
(fontspec)             series/shapes:
(fontspec)              
(fontspec)             - 'normal' (m/n) with NFSS spec.:
(fontspec)             <->s*[1]"[FiraSans-Thin.otf]/OT:script=latn;language=dfl
t;+pnum;+onum;mapping=tex-text;"
(fontspec)             - 'small caps'  (m/sc) with NFSS spec.:
(fontspec)             <->s*[1]"[FiraSans-Thin.otf]/OT:script=latn;language=dfl
t;+pnum;+onum;+smcp;mapping=tex-text;"
(fontspec)             - 'bold' (b/n) with NFSS spec.:
(fontspec)             <->s*[1]"[FiraSans-Bold.otf]/OT:script=latn;language=dfl
t;+pnum;+onum;mapping=tex-text;"
(fontspec)             - 'bold small caps'  (b/sc) with NFSS spec.:
(fontspec)             <->s*[1]"[FiraSans-Bold.otf]/OT:script=latn;language=dfl
t;+pnum;+onum;+smcp;mapping=tex-text;"
(fontspec)             - 'italic' (m/it) with NFSS spec.:
(fontspec)             <->s*[1]"[FiraSans-ThinItalic.otf]/OT:script=latn;langua
ge=dflt;+pnum;+onum;mapping=tex-text;"
(fontspec)             - 'italic small caps'  (m/scit) with NFSS spec.:
(fontspec)             <->s*[1]"[FiraSans-ThinItalic.otf]/OT:script=latn;langua
ge=dflt;+pnum;+onum;+smcp;mapping=tex-text;"
(fontspec)             - 'bold italic' (b/it) with NFSS spec.:
(fontspec)             <->s*[1]"[FiraSans-BoldItalic.otf]/OT:script=latn;langua
ge=dflt;+pnum;+onum;mapping=tex-text;"
(fontspec)             - 'bold italic small caps'  (b/scit) with NFSS spec.:
(fontspec)             <->s*[1]"[FiraSans-BoldItalic.otf]/OT:script=latn;langua
ge=dflt;+pnum;+onum;+smcp;mapping=tex-text;"

Requested font "[FiraSans-Light.otf]/OT" at 11.99997pt
 -> /usr/share/texlive/texmf-dist/fonts/opentype/public/fira/FiraSans-Light.otf
Requested font "[FiraSans-Light.otf]/OT" at 12.00003pt
 -> /usr/share/texlive/texmf-dist/fonts/opentype/public/fira/FiraSans-Light.otf
Requested font "[FiraSans-Light.otf]/OT:script=latn;language=dflt;" at 12.00003
pt
 -> /usr/share/texlive/texmf-dist/fonts/opentype/public/fira/FiraSans-Light.otf
Requested font "[FiraSans-LightItalic.otf]/OT:script=latn;language=dflt;" at 12
.00003pt
 -> /usr/share/texlive/texmf-dist/fonts/opentype/public/fira/FiraSans-LightItal
ic.otf

Package fontspec Info: Font family 'FiraSans(5)' created for font 'FiraSans'
(fontspec)             with options [Ligatures = TeX,Scale = 1,Extension =
(fontspec)             .otf,Numbers = {Proportional,OldStyle},UprightFont =
(fontspec)             *-Light,ItalicFont = *-LightItalic,BoldFont =
(fontspec)             *-Bold,BoldItalicFont = *-BoldItalic].
(fontspec)              
(fontspec)              This font family consists of the following NFSS
(fontspec)             series/shapes:
(fontspec)              
(fontspec)             - 'normal' (m/n) with NFSS spec.:
(fontspec)             <->s*[1]"[FiraSans-Light.otf]/OT:script=latn;language=df
lt;+pnum;+onum;mapping=tex-text;"
(fontspec)             - 'small caps'  (m/sc) with NFSS spec.:
(fontspec)             <->s*[1]"[FiraSans-Light.otf]/OT:script=latn;language=df
lt;+pnum;+onum;+smcp;mapping=tex-text;"
(fontspec)             - 'bold' (b/n) with NFSS spec.:
(fontspec)             <->s*[1]"[FiraSans-Bold.otf]/OT:script=latn;language=dfl
t;+pnum;+onum;mapping=tex-text;"
(fontspec)             - 'bold small caps'  (b/sc) with NFSS spec.:
(fontspec)             <->s*[1]"[FiraSans-Bold.otf]/OT:script=latn;language=dfl
t;+pnum;+onum;+smcp;mapping=tex-text;"
(fontspec)             - 'italic' (m/it) with NFSS spec.:
(fontspec)             <->s*[1]"[FiraSans-LightItalic.otf]/OT:script=latn;langu
age=dflt;+pnum;+onum;mapping=tex-text;"
(fontspec)             - 'italic small caps'  (m/scit) with NFSS spec.:
(fontspec)             <->s*[1]"[FiraSans-LightItalic.otf]/OT:script=latn;langu
age=dflt;+pnum;+onum;+smcp;mapping=tex-text;"
(fontspec)             - 'bold italic' (b/it) with NFSS spec.:
(fontspec)             <->s*[1]"[FiraSans-BoldItalic.otf]/OT:script=latn;langua
ge=dflt;+pnum;+onum;mapping=tex-text;"
(fontspec)             - 'bold italic small caps'  (b/scit) with NFSS spec.:
(fontspec)             <->s*[1]"[FiraSans-BoldItalic.otf]/OT:script=latn;langua
ge=dflt;+pnum;+onum;+smcp;mapping=tex-text;"

Requested font "[FiraSans-ExtraLight.otf]/OT" at 11.99997pt
 -> /usr/share/texlive/texmf-dist/fonts/opentype/public/fira/FiraSans-ExtraLigh
t.otf
Requested font "[FiraSans-ExtraLight.otf]/OT" at 12.00003pt
 -> /usr/share/texlive/texmf-dist/fonts/opentype/public/fira/FiraSans-ExtraLigh
t.otf
Requested font "[FiraSans-ExtraLight.otf]/OT:script=latn;language=dflt;" at 12.
00003pt
 -> /usr/share/texlive/texmf-dist/fonts/opentype/public/fira/FiraSans-ExtraLigh
t.otf
Requested font "[FiraSans-ExtraLightItalic.otf]/OT:script=latn;language=dflt;" 
at 12.00003pt
 -> /usr/share/texlive/texmf-dist/fonts/opentype/public/fira/FiraSans-ExtraLigh
tItalic.otf

Package fontspec Info: Font family 'FiraSans(6)' created for font 'FiraSans'
(fontspec)             with options [Ligatures = TeX,Scale = 1,Extension =
(fontspec)             .otf,Numbers = {Proportional,OldStyle},UprightFont =
(fontspec)             *-ExtraLight,ItalicFont = *-ExtraLightItalic,BoldFont =
(fontspec)             *-Bold,BoldItalicFont = *-BoldItalic].
(fontspec)              
(fontspec)              This font family consists of the following NFSS
(fontspec)             series/shapes:
(fontspec)              
(fontspec)             - 'normal' (m/n) with NFSS spec.:
(fontspec)             <->s*[1]"[FiraSans-ExtraLight.otf]/OT:script=latn;langua
ge=dflt;+pnum;+onum;mapping=tex-text;"
(fontspec)             - 'small caps'  (m/sc) with NFSS spec.:
(fontspec)             <->s*[1]"[FiraSans-ExtraLight.otf]/OT:script=latn;langua
ge=dflt;+pnum;+onum;+smcp;mapping=tex-text;"
(fontspec)             - 'bold' (b/n) with NFSS spec.:
(fontspec)             <->s*[1]"[FiraSans-Bold.otf]/OT:script=latn;language=dfl
t;+pnum;+onum;mapping=tex-text;"
(fontspec)             - 'bold small caps'  (b/sc) with NFSS spec.:
(fontspec)             <->s*[1]"[FiraSans-Bold.otf]/OT:script=latn;language=dfl
t;+pnum;+onum;+smcp;mapping=tex-text;"
(fontspec)             - 'italic' (m/it) with NFSS spec.:
(fontspec)             <->s*[1]"[FiraSans-ExtraLightItalic.otf]/OT:script=latn;
language=dflt;+pnum;+onum;mapping=tex-text;"
(fontspec)             - 'italic small caps'  (m/scit) with NFSS spec.:
(fontspec)             <->s*[1]"[FiraSans-ExtraLightItalic.otf]/OT:script=latn;
language=dflt;+pnum;+onum;+smcp;mapping=tex-text;"
(fontspec)             - 'bold italic' (b/it) with NFSS spec.:
(fontspec)             <->s*[1]"[FiraSans-BoldItalic.otf]/OT:script=latn;langua
ge=dflt;+pnum;+onum;mapping=tex-text;"
(fontspec)             - 'bold italic small caps'  (b/scit) with NFSS spec.:
(fontspec)             <->s*[1]"[FiraSans-BoldItalic.otf]/OT:script=latn;langua
ge=dflt;+pnum;+onum;+smcp;mapping=tex-text;"

Requested font "[FiraSans-UltraLight.otf]/OT" at 11.99997pt
 -> /usr/share/texlive/texmf-dist/fonts/opentype/public/fira/FiraSans-UltraLigh
t.otf
Requested font "[FiraSans-UltraLight.otf]/OT" at 12.00003pt
 -> /usr/share/texlive/texmf-dist/fonts/opentype/public/fira/FiraSans-UltraLigh
t.otf
Requested font "[FiraSans-UltraLight.otf]/OT:script=latn;language=dflt;" at 12.
00003pt
 -> /usr/share/texlive/texmf-dist/fonts/opentype/public/fira/FiraSans-UltraLigh
t.otf
Requested font "[FiraSans-UltraLightItalic.otf]/OT:script=latn;language=dflt;" 
at 12.00003pt
 -> /usr/share/texlive/texmf-dist/fonts/opentype/public/fira/FiraSans-UltraLigh
tItalic.otf

Package fontspec Info: Font family 'FiraSans(7)' created for font 'FiraSans'
(fontspec)             with options [Ligatures = TeX,Scale = 1,Extension =
(fontspec)             .otf,Numbers = {Proportional,OldStyle},UprightFont =
(fontspec)             *-UltraLight,ItalicFont = *-UltraLightItalic,BoldFont =
(fontspec)             *-Bold,BoldItalicFont = *-BoldItalic].
(fontspec)              
(fontspec)              This font family consists of the following NFSS
(fontspec)             series/shapes:
(fontspec)              
(fontspec)             - 'normal' (m/n) with NFSS spec.:
(fontspec)             <->s*[1]"[FiraSans-UltraLight.otf]/OT:script=latn;langua
ge=dflt;+pnum;+onum;mapping=tex-text;"
(fontspec)             - 'small caps'  (m/sc) with NFSS spec.:
(fontspec)             <->s*[1]"[FiraSans-UltraLight.otf]/OT:script=latn;langua
ge=dflt;+pnum;+onum;+smcp;mapping=tex-text;"
(fontspec)             - 'bold' (b/n) with NFSS spec.:
(fontspec)             <->s*[1]"[FiraSans-Bold.otf]/OT:script=latn;language=dfl
t;+pnum;+onum;mapping=tex-text;"
(fontspec)             - 'bold small caps'  (b/sc) with NFSS spec.:
(fontspec)             <->s*[1]"[FiraSans-Bold.otf]/OT:script=latn;language=dfl
t;+pnum;+onum;+smcp;mapping=tex-text;"
(fontspec)             - 'italic' (m/it) with NFSS spec.:
(fontspec)             <->s*[1]"[FiraSans-UltraLightItalic.otf]/OT:script=latn;
language=dflt;+pnum;+onum;mapping=tex-text;"
(fontspec)             - 'italic small caps'  (m/scit) with NFSS spec.:
(fontspec)             <->s*[1]"[FiraSans-UltraLightItalic.otf]/OT:script=latn;
language=dflt;+pnum;+onum;+smcp;mapping=tex-text;"
(fontspec)             - 'bold italic' (b/it) with NFSS spec.:
(fontspec)             <->s*[1]"[FiraSans-BoldItalic.otf]/OT:script=latn;langua
ge=dflt;+pnum;+onum;mapping=tex-text;"
(fontspec)             - 'bold italic small caps'  (b/scit) with NFSS spec.:
(fontspec)             <->s*[1]"[FiraSans-BoldItalic.otf]/OT:script=latn;langua
ge=dflt;+pnum;+onum;+smcp;mapping=tex-text;"

Requested font "[FiraSans-Medium.otf]/OT" at 11.99997pt
 -> /usr/share/texlive/texmf-dist/fonts/opentype/public/fira/FiraSans-Medium.ot
f
Requested font "[FiraSans-Medium.otf]/OT" at 12.00003pt
 -> /usr/share/texlive/texmf-dist/fonts/opentype/public/fira/FiraSans-Medium.ot
f
Requested font "[FiraSans-Medium.otf]/OT:script=latn;language=dflt;" at 12.0000
3pt
 -> /usr/share/texlive/texmf-dist/fonts/opentype/public/fira/FiraSans-Medium.ot
f
Requested font "[FiraSans-MediumItalic.otf]/OT:script=latn;language=dflt;" at 1
2.00003pt
 -> /usr/share/texlive/texmf-dist/fonts/opentype/public/fira/FiraSans-MediumIta
lic.otf

Package fontspec Info: Font family 'FiraSans(8)' created for font 'FiraSans'
(fontspec)             with options [Ligatures = TeX,Scale = 1,Extension =
(fontspec)             .otf,Numbers = {Proportional,OldStyle},UprightFont =
(fontspec)             *-Medium,ItalicFont = *-MediumItalic,BoldFont =
(fontspec)             *-Bold,BoldItalicFont = *-BoldItalic].
(fontspec)              
(fontspec)              This font family consists of the following NFSS
(fontspec)             series/shapes:
(fontspec)              
(fontspec)             - 'normal' (m/n) with NFSS spec.:
(fontspec)             <->s*[1]"[FiraSans-Medium.otf]/OT:script=latn;language=d
flt;+pnum;+onum;mapping=tex-text;"
(fontspec)             - 'small caps'  (m/sc) with NFSS spec.:
(fontspec)             <->s*[1]"[FiraSans-Medium.otf]/OT:script=latn;language=d
flt;+pnum;+onum;+smcp;mapping=tex-text;"
(fontspec)             - 'bold' (b/n) with NFSS spec.:
(fontspec)             <->s*[1]"[FiraSans-Bold.otf]/OT:script=latn;language=dfl
t;+pnum;+onum;mapping=tex-text;"
(fontspec)             - 'bold small caps'  (b/sc) with NFSS spec.:
(fontspec)             <->s*[1]"[FiraSans-Bold.otf]/OT:script=latn;language=dfl
t;+pnum;+onum;+smcp;mapping=tex-text;"
(fontspec)             - 'italic' (m/it) with NFSS spec.:
(fontspec)             <->s*[1]"[FiraSans-MediumItalic.otf]/OT:script=latn;lang
uage=dflt;+pnum;+onum;mapping=tex-text;"
(fontspec)             - 'italic small caps'  (m/scit) with NFSS spec.:
(fontspec)             <->s*[1]"[FiraSans-MediumItalic.otf]/OT:script=latn;lang
uage=dflt;+pnum;+onum;+smcp;mapping=tex-text;"
(fontspec)             - 'bold italic' (b/it) with NFSS spec.:
(fontspec)             <->s*[1]"[FiraSans-BoldItalic.otf]/OT:script=latn;langua
ge=dflt;+pnum;+onum;mapping=tex-text;"
(fontspec)             - 'bold italic small caps'  (b/scit) with NFSS spec.:
(fontspec)             <->s*[1]"[FiraSans-BoldItalic.otf]/OT:script=latn;langua
ge=dflt;+pnum;+onum;+smcp;mapping=tex-text;"

Requested font "[FiraSans-Book.otf]/OT" at 11.99997pt
 -> /usr/share/texlive/texmf-dist/fonts/opentype/public/fira/FiraSans-Book.otf
Requested font "[FiraSans-Book.otf]/OT" at 12.00003pt
 -> /usr/share/texlive/texmf-dist/fonts/opentype/public/fira/FiraSans-Book.otf
Requested font "[FiraSans-Book.otf]/OT:script=latn;language=dflt;" at 12.00003p
t
 -> /usr/share/texlive/texmf-dist/fonts/opentype/public/fira/FiraSans-Book.otf
Requested font "[FiraSans-BookItalic.otf]/OT:script=latn;language=dflt;" at 12.
00003pt
 -> /usr/share/texlive/texmf-dist/fonts/opentype/public/fira/FiraSans-BookItali
c.otf

Package fontspec Info: Font family 'FiraSans(9)' created for font 'FiraSans'
(fontspec)             with options [Ligatures = TeX,Scale = 1,Extension =
(fontspec)             .otf,Numbers = {Proportional,OldStyle},UprightFont =
(fontspec)             *-Book,ItalicFont = *-BookItalic,BoldFont =
(fontspec)             *-Bold,BoldItalicFont = *-BoldItalic].
(fontspec)              
(fontspec)              This font family consists of the following NFSS
(fontspec)             series/shapes:
(fontspec)              
(fontspec)             - 'normal' (m/n) with NFSS spec.:
(fontspec)             <->s*[1]"[FiraSans-Book.otf]/OT:script=latn;language=dfl
t;+pnum;+onum;mapping=tex-text;"
(fontspec)             - 'small caps'  (m/sc) with NFSS spec.:
(fontspec)             <->s*[1]"[FiraSans-Book.otf]/OT:script=latn;language=dfl
t;+pnum;+onum;+smcp;mapping=tex-text;"
(fontspec)             - 'bold' (b/n) with NFSS spec.:
(fontspec)             <->s*[1]"[FiraSans-Bold.otf]/OT:script=latn;language=dfl
t;+pnum;+onum;mapping=tex-text;"
(fontspec)             - 'bold small caps'  (b/sc) with NFSS spec.:
(fontspec)             <->s*[1]"[FiraSans-Bold.otf]/OT:script=latn;language=dfl
t;+pnum;+onum;+smcp;mapping=tex-text;"
(fontspec)             - 'italic' (m/it) with NFSS spec.:
(fontspec)             <->s*[1]"[FiraSans-BookItalic.otf]/OT:script=latn;langua
ge=dflt;+pnum;+onum;mapping=tex-text;"
(fontspec)             - 'italic small caps'  (m/scit) with NFSS spec.:
(fontspec)             <->s*[1]"[FiraSans-BookItalic.otf]/OT:script=latn;langua
ge=dflt;+pnum;+onum;+smcp;mapping=tex-text;"
(fontspec)             - 'bold italic' (b/it) with NFSS spec.:
(fontspec)             <->s*[1]"[FiraSans-BoldItalic.otf]/OT:script=latn;langua
ge=dflt;+pnum;+onum;mapping=tex-text;"
(fontspec)             - 'bold italic small caps'  (b/scit) with NFSS spec.:
(fontspec)             <->s*[1]"[FiraSans-BoldItalic.otf]/OT:script=latn;langua
ge=dflt;+pnum;+onum;+smcp;mapping=tex-text;"

Requested font "[FiraSans-SemiBold.otf]/OT" at 11.99997pt
 -> /usr/share/texlive/texmf-dist/fonts/opentype/public/fira/FiraSans-SemiBold.
otf
Requested font "[FiraSans-SemiBold.otf]/OT" at 12.00003pt
 -> /usr/share/texlive/texmf-dist/fonts/opentype/public/fira/FiraSans-SemiBold.
otf
Requested font "[FiraSans-SemiBold.otf]/OT:script=latn;language=dflt;" at 12.00
003pt
 -> /usr/share/texlive/texmf-dist/fonts/opentype/public/fira/FiraSans-SemiBold.
otf
Requested font "[FiraSans-SemiBoldItalic.otf]/OT:script=latn;language=dflt;" at
 12.00003pt
 -> /usr/share/texlive/texmf-dist/fonts/opentype/public/fira/FiraSans-SemiBoldI
talic.otf

Package fontspec Info: Font family 'FiraSans(10)' created for font 'FiraSans'
(fontspec)             with options [Ligatures = TeX,Scale = 1,Extension =
(fontspec)             .otf,Numbers = {Proportional,OldStyle},UprightFont =
(fontspec)             *-SemiBold,ItalicFont = *-SemiBoldItalic].
(fontspec)              
(fontspec)              This font family consists of the following NFSS
(fontspec)             series/shapes:
(fontspec)              
(fontspec)             - 'normal' (m/n) with NFSS spec.:
(fontspec)             <->s*[1]"[FiraSans-SemiBold.otf]/OT:script=latn;language
=dflt;+pnum;+onum;mapping=tex-text;"
(fontspec)             - 'small caps'  (m/sc) with NFSS spec.:
(fontspec)             <->s*[1]"[FiraSans-SemiBold.otf]/OT:script=latn;language
=dflt;+pnum;+onum;+smcp;mapping=tex-text;"
(fontspec)             - 'italic' (m/it) with NFSS spec.:
(fontspec)             <->s*[1]"[FiraSans-SemiBoldItalic.otf]/OT:script=latn;la
nguage=dflt;+pnum;+onum;mapping=tex-text;"
(fontspec)             - 'italic small caps'  (m/scit) with NFSS spec.:
(fontspec)             <->s*[1]"[FiraSans-SemiBoldItalic.otf]/OT:script=latn;la
nguage=dflt;+pnum;+onum;+smcp;mapping=tex-text;"

Requested font "[FiraSans-ExtraBold.otf]/OT" at 11.99997pt
 -> /usr/share/texlive/texmf-dist/fonts/opentype/public/fira/FiraSans-ExtraBold
.otf
Requested font "[FiraSans-ExtraBold.otf]/OT" at 12.00003pt
 -> /usr/share/texlive/texmf-dist/fonts/opentype/public/fira/FiraSans-ExtraBold
.otf
Requested font "[FiraSans-ExtraBold.otf]/OT:script=latn;language=dflt;" at 12.0
0003pt
 -> /usr/share/texlive/texmf-dist/fonts/opentype/public/fira/FiraSans-ExtraBold
.otf
Requested font "[FiraSans-ExtraBoldItalic.otf]/OT:script=latn;language=dflt;" a
t 12.00003pt
 -> /usr/share/texlive/texmf-dist/fonts/opentype/public/fira/FiraSans-ExtraBold
Italic.otf

Package fontspec Info: Font family 'FiraSans(11)' created for font 'FiraSans'
(fontspec)             with options [Ligatures = TeX,Scale = 1,Extension =
(fontspec)             .otf,Numbers = {Proportional,OldStyle},UprightFont =
(fontspec)             *-ExtraBold,ItalicFont = *-ExtraBoldItalic].
(fontspec)              
(fontspec)              This font family consists of the following NFSS
(fontspec)             series/shapes:
(fontspec)              
(fontspec)             - 'normal' (m/n) with NFSS spec.:
(fontspec)             <->s*[1]"[FiraSans-ExtraBold.otf]/OT:script=latn;languag
e=dflt;+pnum;+onum;mapping=tex-text;"
(fontspec)             - 'small caps'  (m/sc) with NFSS spec.:
(fontspec)             <->s*[1]"[FiraSans-ExtraBold.otf]/OT:script=latn;languag
e=dflt;+pnum;+onum;+smcp;mapping=tex-text;"
(fontspec)             - 'italic' (m/it) with NFSS spec.:
(fontspec)             <->s*[1]"[FiraSans-ExtraBoldItalic.otf]/OT:script=latn;l
anguage=dflt;+pnum;+onum;mapping=tex-text;"
(fontspec)             - 'italic small caps'  (m/scit) with NFSS spec.:
(fontspec)             <->s*[1]"[FiraSans-ExtraBoldItalic.otf]/OT:script=latn;l
anguage=dflt;+pnum;+onum;+smcp;mapping=tex-text;"

Requested font "[FiraSans-Heavy.otf]/OT" at 11.99997pt
 -> /usr/share/texlive/texmf-dist/fonts/opentype/public/fira/FiraSans-Heavy.otf
Requested font "[FiraSans-Heavy.otf]/OT" at 12.00003pt
 -> /usr/share/texlive/texmf-dist/fonts/opentype/public/fira/FiraSans-Heavy.otf
Requested font "[FiraSans-Heavy.otf]/OT:script=latn;language=dflt;" at 12.00003
pt
 -> /usr/share/texlive/texmf-dist/fonts/opentype/public/fira/FiraSans-Heavy.otf
Requested font "[FiraSans-HeavyItalic.otf]/OT:script=latn;language=dflt;" at 12
.00003pt
 -> /usr/share/texlive/texmf-dist/fonts/opentype/public/fira/FiraSans-HeavyItal
ic.otf

Package fontspec Info: Font family 'FiraSans(12)' created for font 'FiraSans'
(fontspec)             with options [Ligatures = TeX,Scale = 1,Extension =
(fontspec)             .otf,Numbers = {Proportional,OldStyle},UprightFont =
(fontspec)             *-Heavy,ItalicFont = *-HeavyItalic].
(fontspec)              
(fontspec)              This font family consists of the following NFSS
(fontspec)             series/shapes:
(fontspec)              
(fontspec)             - 'normal' (m/n) with NFSS spec.:
(fontspec)             <->s*[1]"[FiraSans-Heavy.otf]/OT:script=latn;language=df
lt;+pnum;+onum;mapping=tex-text;"
(fontspec)             - 'small caps'  (m/sc) with NFSS spec.:
(fontspec)             <->s*[1]"[FiraSans-Heavy.otf]/OT:script=latn;language=df
lt;+pnum;+onum;+smcp;mapping=tex-text;"
(fontspec)             - 'italic' (m/it) with NFSS spec.:
(fontspec)             <->s*[1]"[FiraSans-HeavyItalic.otf]/OT:script=latn;langu
age=dflt;+pnum;+onum;mapping=tex-text;"
(fontspec)             - 'italic small caps'  (m/scit) with NFSS spec.:
(fontspec)             <->s*[1]"[FiraSans-HeavyItalic.otf]/OT:script=latn;langu
age=dflt;+pnum;+onum;+smcp;mapping=tex-text;"

)
(/usr/share/texlive/texmf-dist/tex/latex/fira/FiraMono.sty
Package: FiraMono 2019/10/10 (Bob Tennent and autoinst) Style file for Fira Mon
o fonts.
Requested font "[FiraMono-Regular.otf]/OT" at 11.99997pt
 -> /usr/share/texlive/texmf-dist/fonts/opentype/public/fira/FiraMono-Regular.o
tf
Requested font "[FiraMono-Regular.otf]/OT" at 12.00003pt
 -> /usr/share/texlive/texmf-dist/fonts/opentype/public/fira/FiraMono-Regular.o
tf
Requested font "[FiraMono-Regular.otf]/OT:script=latn;language=dflt;" at 12.000
03pt
 -> /usr/share/texlive/texmf-dist/fonts/opentype/public/fira/FiraMono-Regular.o
tf
Requested font "[FiraMono-Bold.otf]/OT:script=latn;language=dflt;" at 12.00003p
t
 -> /usr/share/texlive/texmf-dist/fonts/opentype/public/fira/FiraMono-Bold.otf
Requested font "[FiraMono-Oblique.otf]/OT:script=latn;language=dflt;" at 12.000
03pt
 -> /usr/share/texlive/texmf-dist/fonts/opentype/public/fira/FiraMono-Oblique.o
tf
Requested font "[FiraMono-BoldOblique.otf]/OT:script=latn;language=dflt;" at 12
.00003pt
 -> /usr/share/texlive/texmf-dist/fonts/opentype/public/fira/FiraMono-BoldObliq
ue.otf

Package fontspec Info: Font family 'FiraMono(0)' created for font 'FiraMono'
(fontspec)             with options [Ligatures = TeX,HyphenChar=None,Scale =
(fontspec)             1,Extension =
(fontspec)             .otf,WordSpace={1,0,0},HyphenChar=None,PunctuationSpace=
WordSpace,Numbers
(fontspec)             = {Monospaced,OldStyle},UprightFont =
(fontspec)             *-Regular,ItalicFont = *-Oblique,BoldFont =
(fontspec)             *-Bold,BoldItalicFont = *-BoldOblique].
(fontspec)              
(fontspec)              This font family consists of the following NFSS
(fontspec)             series/shapes:
(fontspec)              
(fontspec)             - 'normal' (m/n) with NFSS spec.:
(fontspec)             <->s*[1]"[FiraMono-Regular.otf]/OT:script=latn;language=
dflt;+tnum;+onum;mapping=tex-text;"
(fontspec)             - 'small caps'  (m/sc) with NFSS spec.: 
(fontspec)             and font adjustment code:
(fontspec)             \fontdimen 2\font =1\fontdimen 2\font \fontdimen 3\font
(fontspec)             =0\fontdimen 3\font \fontdimen 4\font =0\fontdimen
(fontspec)             4\font \fontdimen 7\font =0\fontdimen 2\font
(fontspec)             \tex_hyphenchar:D \font =-1\scan_stop:
(fontspec)             \tex_hyphenchar:D \font =-1\scan_stop: 
(fontspec)             - 'bold' (b/n) with NFSS spec.:
(fontspec)             <->s*[1]"[FiraMono-Bold.otf]/OT:script=latn;language=dfl
t;+tnum;+onum;mapping=tex-text;"
(fontspec)             - 'bold small caps'  (b/sc) with NFSS spec.: 
(fontspec)             and font adjustment code:
(fontspec)             \fontdimen 2\font =1\fontdimen 2\font \fontdimen 3\font
(fontspec)             =0\fontdimen 3\font \fontdimen 4\font =0\fontdimen
(fontspec)             4\font \fontdimen 7\font =0\fontdimen 2\font
(fontspec)             \tex_hyphenchar:D \font =-1\scan_stop:
(fontspec)             \tex_hyphenchar:D \font =-1\scan_stop: 
(fontspec)             - 'italic' (m/it) with NFSS spec.:
(fontspec)             <->s*[1]"[FiraMono-Oblique.otf]/OT:script=latn;language=
dflt;+tnum;+onum;mapping=tex-text;"
(fontspec)             - 'italic small caps'  (m/scit) with NFSS spec.: 
(fontspec)             and font adjustment code:
(fontspec)             \fontdimen 2\font =1\fontdimen 2\font \fontdimen 3\font
(fontspec)             =0\fontdimen 3\font \fontdimen 4\font =0\fontdimen
(fontspec)             4\font \fontdimen 7\font =0\fontdimen 2\font
(fontspec)             \tex_hyphenchar:D \font =-1\scan_stop:
(fontspec)             \tex_hyphenchar:D \font =-1\scan_stop: 
(fontspec)             - 'bold italic' (b/it) with NFSS spec.:
(fontspec)             <->s*[1]"[FiraMono-BoldOblique.otf]/OT:script=latn;langu
age=dflt;+tnum;+onum;mapping=tex-text;"
(fontspec)             - 'bold italic small caps'  (b/scit) with NFSS spec.: 
(fontspec)             and font adjustment code:
(fontspec)             \fontdimen 2\font =1\fontdimen 2\font \fontdimen 3\font
(fontspec)             =0\fontdimen 3\font \fontdimen 4\font =0\fontdimen
(fontspec)             4\font \fontdimen 7\font =0\fontdimen 2\font
(fontspec)             \tex_hyphenchar:D \font =-1\scan_stop:
(fontspec)             \tex_hyphenchar:D \font =-1\scan_stop: 


Package fontspec Info: Font family 'FiraMono(1)' created for font 'FiraMono'
(fontspec)             with options [Ligatures = TeX,HyphenChar=None,Scale =
(fontspec)             1,Extension = .otf,Numbers =
(fontspec)             {Monospaced,OldStyle},UprightFont =
(fontspec)             *-Regular,ItalicFont = *-Oblique,BoldFont =
(fontspec)             *-Bold,BoldItalicFont = *-BoldOblique].
(fontspec)              
(fontspec)              This font family consists of the following NFSS
(fontspec)             series/shapes:
(fontspec)              
(fontspec)             - 'normal' (m/n) with NFSS spec.:
(fontspec)             <->s*[1]"[FiraMono-Regular.otf]/OT:script=latn;language=
dflt;+tnum;+onum;mapping=tex-text;"
(fontspec)             - 'small caps'  (m/sc) with NFSS spec.: 
(fontspec)             and font adjustment code:
(fontspec)             \tex_hyphenchar:D \font =-1\scan_stop: 
(fontspec)             - 'bold' (b/n) with NFSS spec.:
(fontspec)             <->s*[1]"[FiraMono-Bold.otf]/OT:script=latn;language=dfl
t;+tnum;+onum;mapping=tex-text;"
(fontspec)             - 'bold small caps'  (b/sc) with NFSS spec.: 
(fontspec)             and font adjustment code:
(fontspec)             \tex_hyphenchar:D \font =-1\scan_stop: 
(fontspec)             - 'italic' (m/it) with NFSS spec.:
(fontspec)             <->s*[1]"[FiraMono-Oblique.otf]/OT:script=latn;language=
dflt;+tnum;+onum;mapping=tex-text;"
(fontspec)             - 'italic small caps'  (m/scit) with NFSS spec.: 
(fontspec)             and font adjustment code:
(fontspec)             \tex_hyphenchar:D \font =-1\scan_stop: 
(fontspec)             - 'bold italic' (b/it) with NFSS spec.:
(fontspec)             <->s*[1]"[FiraMono-BoldOblique.otf]/OT:script=latn;langu
age=dflt;+tnum;+onum;mapping=tex-text;"
(fontspec)             - 'bold italic small caps'  (b/scit) with NFSS spec.: 
(fontspec)             and font adjustment code:
(fontspec)             \tex_hyphenchar:D \font =-1\scan_stop: 


Package fontspec Info: Font family 'FiraMono(2)' created for font 'FiraMono'
(fontspec)             with options [Ligatures = TeX,HyphenChar=None,Scale =
(fontspec)             1,Extension = .otf,Numbers =
(fontspec)             {Monospaced,Tabular},UprightFont = *-Regular,ItalicFont
(fontspec)             = *-Oblique,BoldFont = *-Bold,BoldItalicFont =
(fontspec)             *-BoldOblique].
(fontspec)              
(fontspec)              This font family consists of the following NFSS
(fontspec)             series/shapes:
(fontspec)              
(fontspec)             - 'normal' (m/n) with NFSS spec.:
(fontspec)             <->s*[1]"[FiraMono-Regular.otf]/OT:script=latn;language=
dflt;+tnum;mapping=tex-text;"
(fontspec)             - 'small caps'  (m/sc) with NFSS spec.: 
(fontspec)             and font adjustment code:
(fontspec)             \tex_hyphenchar:D \font =-1\scan_stop: 
(fontspec)             - 'bold' (b/n) with NFSS spec.:
(fontspec)             <->s*[1]"[FiraMono-Bold.otf]/OT:script=latn;language=dfl
t;+tnum;mapping=tex-text;"
(fontspec)             - 'bold small caps'  (b/sc) with NFSS spec.: 
(fontspec)             and font adjustment code:
(fontspec)             \tex_hyphenchar:D \font =-1\scan_stop: 
(fontspec)             - 'italic' (m/it) with NFSS spec.:
(fontspec)             <->s*[1]"[FiraMono-Oblique.otf]/OT:script=latn;language=
dflt;+tnum;mapping=tex-text;"
(fontspec)             - 'italic small caps'  (m/scit) with NFSS spec.: 
(fontspec)             and font adjustment code:
(fontspec)             \tex_hyphenchar:D \font =-1\scan_stop: 
(fontspec)             - 'bold italic' (b/it) with NFSS spec.:
(fontspec)             <->s*[1]"[FiraMono-BoldOblique.otf]/OT:script=latn;langu
age=dflt;+tnum;mapping=tex-text;"
(fontspec)             - 'bold italic small caps'  (b/scit) with NFSS spec.: 
(fontspec)             and font adjustment code:
(fontspec)             \tex_hyphenchar:D \font =-1\scan_stop: 

Requested font "[FiraMono-Medium.otf]/OT" at 11.99997pt
 -> /usr/share/texlive/texmf-dist/fonts/opentype/public/fira/FiraMono-Medium.ot
f
Requested font "[FiraMono-Medium.otf]/OT" at 12.00003pt
 -> /usr/share/texlive/texmf-dist/fonts/opentype/public/fira/FiraMono-Medium.ot
f
Requested font "[FiraMono-Medium.otf]/OT:script=latn;language=dflt;" at 12.0000
3pt
 -> /usr/share/texlive/texmf-dist/fonts/opentype/public/fira/FiraMono-Medium.ot
f

Package fontspec Info: Font family 'FiraMono(3)' created for font 'FiraMono'
(fontspec)             with options [Ligatures = TeX,HyphenChar=None,Scale =
(fontspec)             1,Extension = .otf,Numbers =
(fontspec)             {Monospaced,OldStyle},UprightFont = *-Medium,ItalicFont
(fontspec)             = *-Oblique,BoldFont = *-Bold,BoldItalicFont =
(fontspec)             *-BoldOblique].
(fontspec)              
(fontspec)              This font family consists of the following NFSS
(fontspec)             series/shapes:
(fontspec)              
(fontspec)             - 'normal' (m/n) with NFSS spec.:
(fontspec)             <->s*[1]"[FiraMono-Medium.otf]/OT:script=latn;language=d
flt;+tnum;+onum;mapping=tex-text;"
(fontspec)             - 'small caps'  (m/sc) with NFSS spec.: 
(fontspec)             and font adjustment code:
(fontspec)             \tex_hyphenchar:D \font =-1\scan_stop: 
(fontspec)             - 'bold' (b/n) with NFSS spec.:
(fontspec)             <->s*[1]"[FiraMono-Bold.otf]/OT:script=latn;language=dfl
t;+tnum;+onum;mapping=tex-text;"
(fontspec)             - 'bold small caps'  (b/sc) with NFSS spec.: 
(fontspec)             and font adjustment code:
(fontspec)             \tex_hyphenchar:D \font =-1\scan_stop: 
(fontspec)             - 'italic' (m/it) with NFSS spec.:
(fontspec)             <->s*[1]"[FiraMono-Oblique.otf]/OT:script=latn;language=
dflt;+tnum;+onum;mapping=tex-text;"
(fontspec)             - 'italic small caps'  (m/scit) with NFSS spec.: 
(fontspec)             and font adjustment code:
(fontspec)             \tex_hyphenchar:D \font =-1\scan_stop: 
(fontspec)             - 'bold italic' (b/it) with NFSS spec.:
(fontspec)             <->s*[1]"[FiraMono-BoldOblique.otf]/OT:script=latn;langu
age=dflt;+tnum;+onum;mapping=tex-text;"
(fontspec)             - 'bold italic small caps'  (b/scit) with NFSS spec.: 
(fontspec)             and font adjustment code:
(fontspec)             \tex_hyphenchar:D \font =-1\scan_stop: 

)
(/usr/share/texlive/texmf-dist/tex/latex/cellspace/cellspace.sty
Package: cellspace 2022/01/04 v1.9.0 Spacing table cells (JN)
\cellspacetoplimit=\dimen371
\cellspacebottomlimit=\dimen372
\cellspace@firstht=\dimen373
\cellspace@lastdp=\dimen374
)
(/usr/share/texlive/texmf-dist/tex/latex/beamer/beamercolorthemestructure.sty)
(/usr/share/texlive/texmf-dist/tex/latex/beamer/beamerinnerthemerectangles.sty)
(/usr/share/texlive/texmf-dist/tex/latex/beamer/beamerouterthememiniframes.sty)
) (./aula1-mulheres1000.aux)
\openout1 = `aula1-mulheres1000.aux'.

LaTeX Font Info:    Checking defaults for OML/cmm/m/it on input line 2.
LaTeX Font Info:    ... okay on input line 2.
LaTeX Font Info:    Checking defaults for OMS/cmsy/m/n on input line 2.
LaTeX Font Info:    ... okay on input line 2.
LaTeX Font Info:    Checking defaults for OT1/cmr/m/n on input line 2.
LaTeX Font Info:    ... okay on input line 2.
LaTeX Font Info:    Checking defaults for T1/cmr/m/n on input line 2.
LaTeX Font Info:    ... okay on input line 2.
LaTeX Font Info:    Checking defaults for TS1/cmr/m/n on input line 2.
LaTeX Font Info:    Trying to load font information for TS1+cmr on input line 2
.

(/usr/share/texlive/texmf-dist/tex/latex/base/ts1cmr.fd
File: ts1cmr.fd 2019/12/16 v2.5j Standard LaTeX font definitions
)
LaTeX Font Info:    ... okay on input line 2.
LaTeX Font Info:    Checking defaults for TU/lmr/m/n on input line 2.
LaTeX Font Info:    ... okay on input line 2.
LaTeX Font Info:    Checking defaults for OMX/cmex/m/n on input line 2.
LaTeX Font Info:    ... okay on input line 2.
LaTeX Font Info:    Checking defaults for U/cmr/m/n on input line 2.
LaTeX Font Info:    ... okay on input line 2.
LaTeX Font Info:    Checking defaults for PD1/pdf/m/n on input line 2.
LaTeX Font Info:    ... okay on input line 2.
LaTeX Font Info:    Checking defaults for PU/pdf/m/n on input line 2.
LaTeX Font Info:    ... okay on input line 2.

*geometry* driver: auto-detecting
*geometry* detected driver: xetex
*geometry* verbose mode - [ preamble ] result:
* driver: xetex
* paper: custom
* layout: <same size as paper>
* layoutoffset:(h,v)=(0.0pt,0.0pt)
* modes: includehead includefoot 
* h-part:(L,W,R)=(28.45274pt, 398.3386pt, 28.45274pt)
* v-part:(T,H,B)=(0.0pt, 256.0748pt, 0.0pt)
* \paperwidth=455.24408pt
* \paperheight=256.0748pt
* \textwidth=398.3386pt
* \textheight=227.62207pt
* \oddsidemargin=-43.81725pt
* \evensidemargin=-43.81725pt
* \topmargin=-72.26999pt
* \headheight=14.22636pt
* \headsep=0.0pt
* \topskip=12.0pt
* \footskip=14.22636pt
* \marginparwidth=4.0pt
* \marginparsep=10.0pt
* \columnsep=10.0pt
* \skip\footins=10.8pt plus 4.0pt minus 2.0pt
* \hoffset=0.0pt
* \voffset=0.0pt
* \mag=1000
* \@twocolumnfalse
* \@twosidefalse
* \@mparswitchfalse
* \@reversemarginfalse
* (1in=72.27pt=25.4mm, 1cm=28.453pt)

Package hyperref Info: Link coloring OFF on input line 2.
(/usr/share/texlive/texmf-dist/tex/latex/hyperref/nameref.sty
Package: nameref 2021-04-02 v2.47 Cross-referencing by name of section

(/usr/share/texlive/texmf-dist/tex/latex/refcount/refcount.sty
Package: refcount 2019/12/15 v3.6 Data extraction from label references (HO)
)
(/usr/share/texlive/texmf-dist/tex/generic/gettitlestring/gettitlestring.sty
Package: gettitlestring 2019/12/15 v1.6 Cleanup title references (HO)
)
\c@section@level=\count418
)
LaTeX Info: Redefining \ref on input line 2.
LaTeX Info: Redefining \pageref on input line 2.
LaTeX Info: Redefining \nameref on input line 2.

(./aula1-mulheres1000.out) (./aula1-mulheres1000.out)
\@outlinefile=\write5
\openout5 = `aula1-mulheres1000.out'.

LaTeX Font Info:    Overwriting symbol font `operators' in version `normal'
(Font)                  OT1/cmr/m/n --> OT1/cmss/m/n on input line 2.
LaTeX Font Info:    Overwriting symbol font `operators' in version `bold'
(Font)                  OT1/cmr/bx/n --> OT1/cmss/b/n on input line 2.
\symnumbers=\mathgroup6
\sympureletters=\mathgroup7
LaTeX Font Info:    Overwriting math alphabet `\mathrm' in version `normal'
(Font)                  OT1/cmss/m/n --> TU/lmr/m/n on input line 2.
LaTeX Font Info:    Redeclaring math alphabet \mathbf on input line 2.
LaTeX Font Info:    Overwriting math alphabet `\mathbf' in version `normal'
(Font)                  OT1/cmr/bx/n --> TU/FiraSans(0)/b/n on input line 2.
LaTeX Font Info:    Overwriting math alphabet `\mathbf' in version `bold'
(Font)                  OT1/cmr/bx/n --> TU/FiraSans(0)/b/n on input line 2.
LaTeX Font Info:    Redeclaring math alphabet \mathsf on input line 2.
LaTeX Font Info:    Overwriting math alphabet `\mathsf' in version `normal'
(Font)                  OT1/cmss/m/n --> TU/FiraSans(0)/m/n on input line 2.
LaTeX Font Info:    Overwriting math alphabet `\mathsf' in version `bold'
(Font)                  OT1/cmss/bx/n --> TU/FiraSans(0)/m/n on input line 2.
LaTeX Font Info:    Redeclaring math alphabet \mathit on input line 2.
LaTeX Font Info:    Overwriting math alphabet `\mathit' in version `normal'
(Font)                  OT1/cmr/m/it --> TU/FiraSans(0)/m/it on input line 2.
LaTeX Font Info:    Overwriting math alphabet `\mathit' in version `bold'
(Font)                  OT1/cmr/bx/it --> TU/FiraSans(0)/m/it on input line 2.
LaTeX Font Info:    Redeclaring math alphabet \mathtt on input line 2.
LaTeX Font Info:    Overwriting math alphabet `\mathtt' in version `normal'
(Font)                  OT1/cmtt/m/n --> TU/FiraMono(0)/m/n on input line 2.
LaTeX Font Info:    Overwriting math alphabet `\mathtt' in version `bold'
(Font)                  OT1/cmtt/m/n --> TU/FiraMono(0)/m/n on input line 2.
LaTeX Font Info:    Overwriting symbol font `numbers' in version `bold'
(Font)                  TU/FiraSans(0)/m/n --> TU/FiraSans(0)/b/n on input line
 2.
LaTeX Font Info:    Overwriting symbol font `pureletters' in version `bold'
(Font)                  TU/FiraSans(0)/m/it --> TU/FiraSans(0)/b/it on input li
ne 2.
LaTeX Font Info:    Overwriting math alphabet `\mathrm' in version `bold'
(Font)                  OT1/cmss/b/n --> TU/lmr/b/n on input line 2.
LaTeX Font Info:    Overwriting math alphabet `\mathbf' in version `bold'
(Font)                  TU/FiraSans(0)/b/n --> TU/FiraSans(0)/b/n on input line
 2.
LaTeX Font Info:    Overwriting math alphabet `\mathsf' in version `bold'
(Font)                  TU/FiraSans(0)/m/n --> TU/FiraSans(0)/b/n on input line
 2.
LaTeX Font Info:    Overwriting math alphabet `\mathit' in version `bold'
(Font)                  TU/FiraSans(0)/m/it --> TU/FiraSans(0)/b/it on input li
ne 2.
LaTeX Font Info:    Overwriting math alphabet `\mathtt' in version `bold'
(Font)                  TU/FiraMono(0)/m/n --> TU/FiraMono(0)/b/n on input line
 2.

(/usr/share/texlive/texmf-dist/tex/latex/translator/translator-basic-dictionary
-English.dict
Dictionary: translator-basic-dictionary, Language: English 
)
(/usr/share/texlive/texmf-dist/tex/latex/translator/translator-bibliography-dic
tionary-English.dict
Dictionary: translator-bibliography-dictionary, Language: English 
)
(/usr/share/texlive/texmf-dist/tex/latex/translator/translator-environment-dict
ionary-English.dict
Dictionary: translator-environment-dictionary, Language: English 
)
(/usr/share/texlive/texmf-dist/tex/latex/translator/translator-months-dictionar
y-English.dict
Dictionary: translator-months-dictionary, Language: English 
)
(/usr/share/texlive/texmf-dist/tex/latex/translator/translator-numbers-dictiona
ry-English.dict
Dictionary: translator-numbers-dictionary, Language: English 
)
(/usr/share/texlive/texmf-dist/tex/latex/translator/translator-theorem-dictiona
ry-English.dict
Dictionary: translator-theorem-dictionary, Language: English 
)
(/usr/share/texlive/texmf-dist/tex/latex/pdflscape/pdflscape.sty
Package: pdflscape 2019/12/05 v0.12 Display of landscape pages in PDF (HO)

(/usr/share/texlive/texmf-dist/tex/latex/graphics/lscape.sty
Package: lscape 2020/05/28 v3.02 Landscape Pages (DPC)
)
Package pdflscape Info: Auto-detected driver: dvipdfm (xetex) on input line 98.

)
Package caption Info: Begin \AtBeginDocument code.
Package caption Info: listings package is loaded.
Package caption Info: End \AtBeginDocument code.
\c@lstlisting=\count419

Package fontspec Info: Adjusting the maths setup (use [no-math] to avoid
(fontspec)             this).

\symlegacymaths=\mathgroup8
LaTeX Font Info:    Overwriting symbol font `legacymaths' in version `bold'
(Font)                  OT1/cmr/m/n --> OT1/cmr/bx/n on input line 2.
LaTeX Font Info:    Redeclaring math accent \acute on input line 2.
LaTeX Font Info:    Redeclaring math accent \grave on input line 2.
LaTeX Font Info:    Redeclaring math accent \ddot on input line 2.
LaTeX Font Info:    Redeclaring math accent \tilde on input line 2.
LaTeX Font Info:    Redeclaring math accent \bar on input line 2.
LaTeX Font Info:    Redeclaring math accent \breve on input line 2.
LaTeX Font Info:    Redeclaring math accent \check on input line 2.
LaTeX Font Info:    Redeclaring math accent \hat on input line 2.
LaTeX Font Info:    Redeclaring math accent \dot on input line 2.
LaTeX Font Info:    Redeclaring math accent \mathring on input line 2.
LaTeX Font Info:    Redeclaring math symbol \Gamma on input line 2.
LaTeX Font Info:    Redeclaring math symbol \Delta on input line 2.
LaTeX Font Info:    Redeclaring math symbol \Theta on input line 2.
LaTeX Font Info:    Redeclaring math symbol \Lambda on input line 2.
LaTeX Font Info:    Redeclaring math symbol \Xi on input line 2.
LaTeX Font Info:    Redeclaring math symbol \Pi on input line 2.
LaTeX Font Info:    Redeclaring math symbol \Sigma on input line 2.
LaTeX Font Info:    Redeclaring math symbol \Upsilon on input line 2.
LaTeX Font Info:    Redeclaring math symbol \Phi on input line 2.
LaTeX Font Info:    Redeclaring math symbol \Psi on input line 2.
LaTeX Font Info:    Redeclaring math symbol \Omega on input line 2.
LaTeX Font Info:    Redeclaring math symbol \mathdollar on input line 2.
LaTeX Font Info:    Redeclaring symbol font `operators' on input line 2.
LaTeX Font Info:    Encoding `OT1' has changed to `TU' for symbol font
(Font)              `operators' in the math version `normal' on input line 2.
LaTeX Font Info:    Overwriting symbol font `operators' in version `normal'
(Font)                  OT1/cmss/m/n --> TU/lmr/m/n on input line 2.
LaTeX Font Info:    Encoding `OT1' has changed to `TU' for symbol font
(Font)              `operators' in the math version `bold' on input line 2.
LaTeX Font Info:    Overwriting symbol font `operators' in version `bold'
(Font)                  OT1/cmss/b/n --> TU/lmr/m/n on input line 2.
LaTeX Font Info:    Overwriting symbol font `operators' in version `normal'
(Font)                  TU/lmr/m/n --> TU/lmr/m/n on input line 2.
LaTeX Font Info:    Redeclaring math alphabet \mathrm on input line 2.
LaTeX Font Info:    Overwriting math alphabet `\mathit' in version `normal'
(Font)                  TU/FiraSans(0)/m/it --> TU/lmr/m/it on input line 2.
LaTeX Font Info:    Overwriting math alphabet `\mathbf' in version `normal'
(Font)                  TU/FiraSans(0)/b/n --> TU/lmr/b/n on input line 2.
LaTeX Font Info:    Overwriting math alphabet `\mathsf' in version `normal'
(Font)                  TU/FiraSans(0)/m/n --> TU/FiraSans(0)/m/n on input line
 2.
LaTeX Font Info:    Overwriting math alphabet `\mathtt' in version `normal'
(Font)                  TU/FiraMono(0)/m/n --> TU/FiraMono(0)/m/n on input line
 2.
LaTeX Font Info:    Overwriting symbol font `operators' in version `bold'
(Font)                  TU/lmr/m/n --> TU/lmr/b/n on input line 2.
LaTeX Font Info:    Overwriting math alphabet `\mathit' in version `bold'
(Font)                  TU/FiraSans(0)/b/it --> TU/lmr/b/it on input line 2.
LaTeX Font Info:    Overwriting math alphabet `\mathsf' in version `bold'
(Font)                  TU/FiraSans(0)/b/n --> TU/FiraSans(0)/b/n on input line
 2.
LaTeX Font Info:    Overwriting math alphabet `\mathtt' in version `bold'
(Font)                  TU/FiraMono(0)/b/n --> TU/FiraMono(0)/b/n on input line
 2.

(./aula1-mulheres1000.nav)
LaTeX Font Info:    Font shape `TU/FiraSans(0)/m/n' will be
(Font)              scaled to size 6.0pt on input line 2.
Requested font "[FiraSans-Regular.otf]/OT:script=latn;language=dflt;+pnum;+onum
;mapping=tex-text;" at 6.0pt
 -> /usr/share/texlive/texmf-dist/fonts/opentype/public/fira/FiraSans-Regular.o
tf

Overfull \hbox (1.58997pt too wide) in paragraph at lines 2--2
[][] 
 []


Package hyperref Warning: Option `pdfauthor' has already been used,
(hyperref)                setting the option has no effect on input line 6.


Package hyperref Warning: Option `pdfsubject' has already been used,
(hyperref)                setting the option has no effect on input line 15.

LaTeX Font Info:    Font shape `TU/FiraSans(0)/m/n' will be
(Font)              scaled to size 17.28pt on input line 21.
Requested font "[FiraSans-Regular.otf]/OT:script=latn;language=dflt;+pnum;+onum
;mapping=tex-text;" at 17.28pt
 -> /usr/share/texlive/texmf-dist/fonts/opentype/public/fira/FiraSans-Regular.o
tf
LaTeX Font Info:    Font shape `TU/FiraSans(0)/m/n' will be
(Font)              scaled to size 8.0pt on input line 21.
Requested font "[FiraSans-Regular.otf]/OT:script=latn;language=dflt;+pnum;+onum
;mapping=tex-text;" at 8.0pt
 -> /usr/share/texlive/texmf-dist/fonts/opentype/public/fira/FiraSans-Regular.o
tf
LaTeX Font Info:    Font shape `TU/FiraSans(0)/m/n' will be
(Font)              scaled to size 4.0pt on input line 21.
Requested font "[FiraSans-Regular.otf]/OT:script=latn;language=dflt;+pnum;+onum
;mapping=tex-text;" at 4.0pt
 -> /usr/share/texlive/texmf-dist/fonts/opentype/public/fira/FiraSans-Regular.o
tf
File: logo.jpg Graphic file (type bmp)
<logo.jpg>

Overfull \hbox (1.58997pt too wide) has occurred while \output is active
[][] 
 []

[1

]
Underfull \vbox (badness 10000) has occurred while \output is active []

File: logo.jpg Graphic file (type bmp)
<logo.jpg>

Overfull \hbox (1.58997pt too wide) has occurred while \output is active
[][] 
 []

[2

]
Underfull \vbox (badness 10000) has occurred while \output is active []

File: logo.jpg Graphic file (type bmp)
<logo.jpg>

Overfull \hbox (1.58997pt too wide) has occurred while \output is active
[][] 
 []

[3]
LaTeX Font Info:    Font shape `TU/FiraSans(0)/b/n' will be
(Font)              scaled to size 12.0pt on input line 48.
Requested font "[FiraSans-Bold.otf]/OT:script=latn;language=dflt;+pnum;+onum;ma
pping=tex-text;" at 12.0pt
 -> /usr/share/texlive/texmf-dist/fonts/opentype/public/fira/FiraSans-Bold.otf

Underfull \vbox (badness 10000) has occurred while \output is active []

File: logo.jpg Graphic file (type bmp)
<logo.jpg>

Overfull \hbox (1.58997pt too wide) has occurred while \output is active
[][] 
 []

[4]
! Too many }'s.
\endframe ->\egroup 
                    \begingroup \def \@currenvir {frame}
l.63 \end{frame}
                
You've closed more groups than you opened.
Such booboos are generally harmless, so keep going.

File: revisao-matematica.png Graphic file (type bmp)
<revisao-matematica.png>

Underfull \vbox (badness 10000) has occurred while \output is active []

File: logo.jpg Graphic file (type bmp)
<logo.jpg>

Overfull \hbox (1.58997pt too wide) has occurred while \output is active
[][] 
 []

[5]
File: logo.jpg Graphic file (type bmp)
<logo.jpg>

Overfull \hbox (1.58997pt too wide) has occurred while \output is active
[][] 
 []

[6]
LaTeX Font Info:    Font shape `TU/FiraSans(0)/m/it' will be
(Font)              scaled to size 12.0pt on input line 75.
Requested font "[FiraSans-Italic.otf]/OT:script=latn;language=dflt;+pnum;+onum;
mapping=tex-text;" at 12.0pt
 -> /usr/share/texlive/texmf-dist/fonts/opentype/public/fira/FiraSans-Italic.ot
f
File: logo.jpg Graphic file (type bmp)
<logo.jpg>

Overfull \hbox (1.58997pt too wide) has occurred while \output is active
[][] 
 []

[7

]
LaTeX Font Info:    Font shape `TU/FiraSans(0)/m/sc' will be
(Font)              scaled to size 12.0pt on input line 132.
Requested font "[FiraSans-Regular.otf]/OT:script=latn;language=dflt;+pnum;+onum
;+smcp;mapping=tex-text;" at 12.0pt
 -> /usr/share/texlive/texmf-dist/fonts/opentype/public/fira/FiraSans-Regular.o
tf
File: logo.jpg Graphic file (type bmp)
<logo.jpg>

Overfull \hbox (1.58997pt too wide) has occurred while \output is active
[][] 
 []

[8

]
File: logo.jpg Graphic file (type bmp)
<logo.jpg>

Overfull \hbox (1.58997pt too wide) has occurred while \output is active
[][] 
 []

[9


]
File: logo.jpg Graphic file (type bmp)
<logo.jpg>

Overfull \hbox (1.58997pt too wide) has occurred while \output is active
[][] 
 []

[10


]
File: logo.jpg Graphic file (type bmp)
<logo.jpg>

Overfull \hbox (1.58997pt too wide) has occurred while \output is active
[][] 
 []

[11


]
File: logo.jpg Graphic file (type bmp)
<logo.jpg>

Overfull \hbox (1.58997pt too wide) has occurred while \output is active
[][] 
 []

[12


]
File: logo.jpg Graphic file (type bmp)
<logo.jpg>

Overfull \hbox (1.58997pt too wide) has occurred while \output is active
[][] 
 []

[13


]
File: logo.jpg Graphic file (type bmp)
<logo.jpg>

Overfull \hbox (1.58997pt too wide) has occurred while \output is active
[][] 
 []

[14


]
File: descontos.jpeg Graphic file (type bmp)
<descontos.jpeg>
File: logo.jpg Graphic file (type bmp)
<logo.jpg>

Overfull \hbox (1.58997pt too wide) has occurred while \output is active
[][] 
 []

[15

]
File: logo.jpg Graphic file (type bmp)
<logo.jpg>

Overfull \hbox (1.58997pt too wide) has occurred while \output is active
[][] 
 []

[16

]
File: logo.jpg Graphic file (type bmp)
<logo.jpg>

Overfull \hbox (1.58997pt too wide) has occurred while \output is active
[][] 
 []

[17


]
File: flowers.png Graphic file (type bmp)
<flowers.png>
Requested font "[lmroman8-regular]:mapping=tex-text;" at 8.0pt
 -> /usr/share/texmf/fonts/opentype/public/lm/lmroman8-regular.otf
Requested font "[lmroman6-regular]:mapping=tex-text;" at 6.0pt
 -> /usr/share/texmf/fonts/opentype/public/lm/lmroman6-regular.otf
Requested font "cmmi12" at 12.0pt
 -> /usr/share/texlive/texmf-dist/fonts/tfm/public/cm/cmmi12.tfm
Requested font "cmmi8" at 8.0pt
 -> /usr/share/texlive/texmf-dist/fonts/tfm/public/cm/cmmi8.tfm
Requested font "cmmi6" at 6.0pt
 -> /usr/share/texlive/texmf-dist/fonts/tfm/public/cm/cmmi6.tfm
Requested font "cmsy10" at 12.0pt
 -> /usr/share/texlive/texmf-dist/fonts/tfm/public/cm/cmsy10.tfm
Requested font "cmsy8" at 8.0pt
 -> /usr/share/texlive/texmf-dist/fonts/tfm/public/cm/cmsy8.tfm
Requested font "cmsy6" at 6.0pt
 -> /usr/share/texlive/texmf-dist/fonts/tfm/public/cm/cmsy6.tfm
Requested font "cmex10" at 12.0pt
 -> /usr/share/texlive/texmf-dist/fonts/tfm/public/cm/cmex10.tfm
Requested font "cmex8" at 8.0pt
 -> /usr/share/texlive/texmf-dist/fonts/tfm/public/amsfonts/cmextra/cmex8.tfm
Requested font "cmex7" at 6.0pt
 -> /usr/share/texlive/texmf-dist/fonts/tfm/public/amsfonts/cmextra/cmex7.tfm
LaTeX Font Info:    Trying to load font information for U+msa on input line 215
.
 (/usr/share/texlive/texmf-dist/tex/latex/amsfonts/umsa.fd
File: umsa.fd 2013/01/14 v3.01 AMS symbols A
)
Requested font "msam10" at 12.0pt
 -> /usr/share/texlive/texmf-dist/fonts/tfm/public/amsfonts/symbols/msam10.tfm
Requested font "msam10" at 8.0pt
 -> /usr/share/texlive/texmf-dist/fonts/tfm/public/amsfonts/symbols/msam10.tfm
Requested font "msam7" at 6.0pt
 -> /usr/share/texlive/texmf-dist/fonts/tfm/public/amsfonts/symbols/msam7.tfm
LaTeX Font Info:    Trying to load font information for U+msb on input line 215
.

(/usr/share/texlive/texmf-dist/tex/latex/amsfonts/umsb.fd
File: umsb.fd 2013/01/14 v3.01 AMS symbols B
)
Requested font "msbm10" at 12.0pt
 -> /usr/share/texlive/texmf-dist/fonts/tfm/public/amsfonts/symbols/msbm10.tfm
Requested font "msbm10" at 8.0pt
 -> /usr/share/texlive/texmf-dist/fonts/tfm/public/amsfonts/symbols/msbm10.tfm
Requested font "msbm7" at 6.0pt
 -> /usr/share/texlive/texmf-dist/fonts/tfm/public/amsfonts/symbols/msbm7.tfm
LaTeX Font Info:    Font shape `TU/FiraSans(0)/m/it' will be
(Font)              scaled to size 8.0pt on input line 215.
Requested font "[FiraSans-Italic.otf]/OT:script=latn;language=dflt;+pnum;+onum;
mapping=tex-text;" at 8.0pt
 -> /usr/share/texlive/texmf-dist/fonts/opentype/public/fira/FiraSans-Italic.ot
f
LaTeX Font Info:    Font shape `TU/FiraSans(0)/m/it' will be
(Font)              scaled to size 6.0pt on input line 215.
Requested font "[FiraSans-Italic.otf]/OT:script=latn;language=dflt;+pnum;+onum;
mapping=tex-text;" at 6.0pt
 -> /usr/share/texlive/texmf-dist/fonts/opentype/public/fira/FiraSans-Italic.ot
f
Requested font "cmr12" at 12.0pt
 -> /usr/share/texlive/texmf-dist/fonts/tfm/public/cm/cmr12.tfm
Requested font "cmr8" at 8.0pt
 -> /usr/share/texlive/texmf-dist/fonts/tfm/public/cm/cmr8.tfm
Requested font "cmr6" at 6.0pt
 -> /usr/share/texlive/texmf-dist/fonts/tfm/public/cm/cmr6.tfm
File: peppers.png Graphic file (type bmp)
<peppers.png>
File: logo.jpg Graphic file (type bmp)
<logo.jpg>

Overfull \hbox (1.58997pt too wide) has occurred while \output is active
[][] 
 []

[18

]
File: logo.jpg Graphic file (type bmp)
<logo.jpg>

Overfull \hbox (1.58997pt too wide) has occurred while \output is active
[][] 
 []

[19


]
File: logo.jpg Graphic file (type bmp)
<logo.jpg>

Overfull \hbox (1.58997pt too wide) has occurred while \output is active
[][] 
 []

[20


]
File: logo.jpg Graphic file (type bmp)
<logo.jpg>

Overfull \hbox (1.58997pt too wide) has occurred while \output is active
[][] 
 []

[21


]
File: logo.jpg Graphic file (type bmp)
<logo.jpg>

Overfull \hbox (1.58997pt too wide) has occurred while \output is active
[][] 
 []

[22


]
File: logo.jpg Graphic file (type bmp)
<logo.jpg>

Overfull \hbox (1.58997pt too wide) has occurred while \output is active
[][] 
 []

[23

]
File: logo.jpg Graphic file (type bmp)
<logo.jpg>

Overfull \hbox (1.58997pt too wide) has occurred while \output is active
[][] 
 []

[24


]
File: logo.jpg Graphic file (type bmp)
<logo.jpg>

Overfull \hbox (1.58997pt too wide) has occurred while \output is active
[][] 
 []

[25


]
File: logo.jpg Graphic file (type bmp)
<logo.jpg>

Overfull \hbox (1.58997pt too wide) has occurred while \output is active
[][] 
 []

[26


]
File: logo.jpg Graphic file (type bmp)
<logo.jpg>

Overfull \hbox (1.58997pt too wide) has occurred while \output is active
[][] 
 []

[27

]
File: logo.jpg Graphic file (type bmp)
<logo.jpg>

Overfull \hbox (1.58997pt too wide) has occurred while \output is active
[][] 
 []

[28


]
File: logo.jpg Graphic file (type bmp)
<logo.jpg>

Overfull \hbox (1.58997pt too wide) has occurred while \output is active
[][] 
 []

[29


]
File: logo.jpg Graphic file (type bmp)
<logo.jpg>

Overfull \hbox (1.58997pt too wide) has occurred while \output is active
[][] 
 []

[30

]
File: selic.png Graphic file (type bmp)
<selic.png>
File: logo.jpg Graphic file (type bmp)
<logo.jpg>

Overfull \hbox (1.58997pt too wide) has occurred while \output is active
[][] 
 []

[31

]
File: logo.jpg Graphic file (type bmp)
<logo.jpg>

Overfull \hbox (1.58997pt too wide) has occurred while \output is active
[][] 
 []

[32

]
File: logo.jpg Graphic file (type bmp)
<logo.jpg>

Overfull \hbox (1.58997pt too wide) has occurred while \output is active
[][] 
 []

[33

]
LaTeX Font Info:    Font shape `TU/FiraSans(0)/m/n' will be
(Font)              scaled to size 24.88pt on input line 317.
Requested font "[FiraSans-Regular.otf]/OT:script=latn;language=dflt;+pnum;+onum
;mapping=tex-text;" at 24.88pt
 -> /usr/share/texlive/texmf-dist/fonts/opentype/public/fira/FiraSans-Regular.o
tf
Requested font "[lmroman17-regular]:mapping=tex-text;" at 24.88pt
 -> /usr/share/texmf/fonts/opentype/public/lm/lmroman17-regular.otf
Requested font "[lmroman17-regular]:mapping=tex-text;" at 20.74pt
 -> /usr/share/texmf/fonts/opentype/public/lm/lmroman17-regular.otf
Requested font "[lmroman17-regular]:mapping=tex-text;" at 17.28pt
 -> /usr/share/texmf/fonts/opentype/public/lm/lmroman17-regular.otf
Requested font "cmmi12" at 24.88pt
 -> /usr/share/texlive/texmf-dist/fonts/tfm/public/cm/cmmi12.tfm
Requested font "cmmi12" at 20.74pt
 -> /usr/share/texlive/texmf-dist/fonts/tfm/public/cm/cmmi12.tfm
Requested font "cmmi12" at 17.28pt
 -> /usr/share/texlive/texmf-dist/fonts/tfm/public/cm/cmmi12.tfm
Requested font "cmsy10" at 24.88pt
 -> /usr/share/texlive/texmf-dist/fonts/tfm/public/cm/cmsy10.tfm
Requested font "cmsy10" at 20.74pt
 -> /usr/share/texlive/texmf-dist/fonts/tfm/public/cm/cmsy10.tfm
Requested font "cmsy10" at 17.28pt
 -> /usr/share/texlive/texmf-dist/fonts/tfm/public/cm/cmsy10.tfm
Requested font "cmex10" at 24.88pt
 -> /usr/share/texlive/texmf-dist/fonts/tfm/public/cm/cmex10.tfm
Requested font "cmex10" at 20.74pt
 -> /usr/share/texlive/texmf-dist/fonts/tfm/public/cm/cmex10.tfm
Requested font "cmex10" at 17.28pt
 -> /usr/share/texlive/texmf-dist/fonts/tfm/public/cm/cmex10.tfm
Requested font "msam10" at 24.88pt
 -> /usr/share/texlive/texmf-dist/fonts/tfm/public/amsfonts/symbols/msam10.tfm
Requested font "msam10" at 20.74pt
 -> /usr/share/texlive/texmf-dist/fonts/tfm/public/amsfonts/symbols/msam10.tfm
Requested font "msam10" at 17.28pt
 -> /usr/share/texlive/texmf-dist/fonts/tfm/public/amsfonts/symbols/msam10.tfm
Requested font "msbm10" at 24.88pt
 -> /usr/share/texlive/texmf-dist/fonts/tfm/public/amsfonts/symbols/msbm10.tfm
Requested font "msbm10" at 20.74pt
 -> /usr/share/texlive/texmf-dist/fonts/tfm/public/amsfonts/symbols/msbm10.tfm
Requested font "msbm10" at 17.28pt
 -> /usr/share/texlive/texmf-dist/fonts/tfm/public/amsfonts/symbols/msbm10.tfm
LaTeX Font Info:    Font shape `TU/FiraSans(0)/m/n' will be
(Font)              scaled to size 20.74pt on input line 317.
Requested font "[FiraSans-Regular.otf]/OT:script=latn;language=dflt;+pnum;+onum
;mapping=tex-text;" at 20.74pt
 -> /usr/share/texlive/texmf-dist/fonts/opentype/public/fira/FiraSans-Regular.o
tf
LaTeX Font Info:    Font shape `TU/FiraSans(0)/m/it' will be
(Font)              scaled to size 24.88pt on input line 317.
Requested font "[FiraSans-Italic.otf]/OT:script=latn;language=dflt;+pnum;+onum;
mapping=tex-text;" at 24.88pt
 -> /usr/share/texlive/texmf-dist/fonts/opentype/public/fira/FiraSans-Italic.ot
f
LaTeX Font Info:    Font shape `TU/FiraSans(0)/m/it' will be
(Font)              scaled to size 20.74pt on input line 317.
Requested font "[FiraSans-Italic.otf]/OT:script=latn;language=dflt;+pnum;+onum;
mapping=tex-text;" at 20.74pt
 -> /usr/share/texlive/texmf-dist/fonts/opentype/public/fira/FiraSans-Italic.ot
f
LaTeX Font Info:    Font shape `TU/FiraSans(0)/m/it' will be
(Font)              scaled to size 17.28pt on input line 317.
Requested font "[FiraSans-Italic.otf]/OT:script=latn;language=dflt;+pnum;+onum;
mapping=tex-text;" at 17.28pt
 -> /usr/share/texlive/texmf-dist/fonts/opentype/public/fira/FiraSans-Italic.ot
f
Requested font "cmr17" at 24.88pt
 -> /usr/share/texlive/texmf-dist/fonts/tfm/public/cm/cmr17.tfm
Requested font "cmr17" at 20.74pt
 -> /usr/share/texlive/texmf-dist/fonts/tfm/public/cm/cmr17.tfm
Requested font "cmr17" at 17.28pt
 -> /usr/share/texlive/texmf-dist/fonts/tfm/public/cm/cmr17.tfm
File: logo.jpg Graphic file (type bmp)
<logo.jpg>

Overfull \hbox (1.58997pt too wide) has occurred while \output is active
[][] 
 []

[34

]
File: logo.jpg Graphic file (type bmp)
<logo.jpg>

Overfull \hbox (1.58997pt too wide) has occurred while \output is active
[][] 
 []

[35

]
File: logo.jpg Graphic file (type bmp)
<logo.jpg>

Overfull \hbox (1.58997pt too wide) has occurred while \output is active
[][] 
 []

[36

]
File: logo.jpg Graphic file (type bmp)
<logo.jpg>

Overfull \hbox (1.58997pt too wide) has occurred while \output is active
[][] 
 []

[37


]
File: logo.jpg Graphic file (type bmp)
<logo.jpg>

Overfull \hbox (1.58997pt too wide) has occurred while \output is active
[][] 
 []

[38

]
File: logo.jpg Graphic file (type bmp)
<logo.jpg>

Overfull \hbox (1.58997pt too wide) has occurred while \output is active
[][] 
 []

[39


]
\tf@nav=\write6
\openout6 = `aula1-mulheres1000.nav'.

\tf@toc=\write7
\openout7 = `aula1-mulheres1000.toc'.

\tf@snm=\write8
\openout8 = `aula1-mulheres1000.snm'.

 (./aula1-mulheres1000.aux)
Package rerunfilecheck Info: File `aula1-mulheres1000.out' has not changed.
(rerunfilecheck)             Checksum: D41D8CD98F00B204E9800998ECF8427E;0.
 ) 
Here is how much of TeX's memory you used:
 51927 strings out of 476191
 1241082 string characters out of 5812073
 1824995 words of memory out of 5000000
 71813 multiletter control sequences out of 15000+600000
 482286 words of font info for 141 fonts, out of 8000000 for 9000
 1348 hyphenation exceptions out of 8191
 142i,15n,136p,453b,678s stack positions out of 5000i,500n,10000p,200000b,80000s

Output written on aula1-mulheres1000.pdf (39 pages).
